,Compound,Date,Negative,Neutral,Positive,Tweet,User
0,0.0,Sun Jan 14 20:15:03 +0000 2018,0.0,1.0,0.0,Britain is the only place in the world with a medieval Coronation ceremony. üá¨üáß #TheCoronation https://t.co/WJfENrXnu3,BBC
1,-0.079,Sun Jan 14 20:00:09 +0000 2018,0.142,0.731,0.128,"Long nights, snowshoes and a broken down boat... 

üé•üêØüé¨ This is what it was really like filming #BigCats.‚Ä¶ https://t.co/Ot9oNcEwkI",BBC
2,-0.2023,Sun Jan 14 19:30:08 +0000 2018,0.182,0.677,0.141,"Ten times pop culture romanticised sexual harassment. 

And maybe you didn't even notice it...‚Ä¶ https://t.co/P28RPwXaNK",BBC
3,0.0772,Sun Jan 14 19:00:07 +0000 2018,0.188,0.598,0.214,"No sympathy from the camera operator at all. üòÇ
https://t.co/cQF64ofzMz",BBC
4,0.296,Sun Jan 14 18:33:04 +0000 2018,0.0,0.891,0.109,"On the 65th anniversary of the Coronation, the Queen shares her memories of the ceremony. üëë

#TheCoronation | 8pm |‚Ä¶ https://t.co/E9PmcZEnsf",BBC
5,-0.0772,Sun Jan 14 18:00:06 +0000 2018,0.098,0.902,0.0,üö¥üá®üá¥ Could one of the toughest cycling races bring unity to Colombia? https://t.co/VRRzqjLWMa,BBC
6,0.9423,Sun Jan 14 17:30:08 +0000 2018,0.0,0.377,0.623,"Rusty spotted cats are super rare, super small and super adorable. üòª

#BigCats https://t.co/PgIC5WfdaJ",BBC
7,0.2003,Sun Jan 14 17:02:03 +0000 2018,0.0,0.905,0.095,"Remember when Jay-Z had a legal showdown with a restaurant in Newcastle?! ü§îüé∂

Here are 6 of the strangest lawsuits‚Ä¶ https://t.co/PwwpuXxHrZ",BBC
8,-0.4767,Sun Jan 14 16:30:09 +0000 2018,0.162,0.838,0.0,"üîç @IanMcKellen stars as a retired Sherlock Holmes who is haunted by a final case.

#MrHolmes | 6:20pm | @BBCTwo |‚Ä¶ https://t.co/iTfz9A9NfS",BBC
9,0.0,Sun Jan 14 16:00:06 +0000 2018,0.0,1.0,0.0,"In Greenland, you can find a shark that could live for hundreds of years. üò≤ü¶à https://t.co/kc08HclHef",BBC
10,-0.1027,Sun Jan 14 15:00:10 +0000 2018,0.116,0.789,0.095,A @NASA telescope has yielded important insights into how stars are born from collapsing gas and dust.‚Ä¶ https://t.co/Ag4bp18ZG0,BBC
11,0.0,Sun Jan 14 14:00:04 +0000 2018,0.0,1.0,0.0,"While parts of the US &amp; Canada felt as cold as -67C recently, Australia is experiencing its hottest weather in 79 y‚Ä¶ https://t.co/mtrZUhzthy",BBC
12,0.7264,Sun Jan 14 13:26:03 +0000 2018,0.0,0.679,0.321,"üé¨ Thrillers, comedy and foreign drama.

üì∫ @BBC_Culture rounds up the most exciting programmes on the small screen o‚Ä¶ https://t.co/DpxgDUIyij",BBC
13,0.5093,Sun Jan 14 13:03:04 +0000 2018,0.0,0.859,0.141,"Nominations for the BBC Food and Farming Awards 2018 are now open! üåΩüçÖ

If there‚Äôs a producer, cook, retailer or ini‚Ä¶ https://t.co/mkDAtLcc3R",BBC
14,-0.765,Sun Jan 14 12:30:07 +0000 2018,0.306,0.694,0.0,YouTube has decided to cut ties with vlogger Logan Paul over his Japan suicide video. https://t.co/zE0vEGoLkK https://t.co/rzGMXlKv0s,BBC
15,0.0,Sun Jan 14 12:00:07 +0000 2018,0.0,1.0,0.0,"Ever wondered how mayonnaise is made? 

Take a peek #InsideTheFactory. https://t.co/laIJyyTO5Q",BBC
16,-0.3612,Sun Jan 14 11:30:09 +0000 2018,0.217,0.783,0.0,Snow has fallen in the Sahara desert. ‚ùÑÔ∏è https://t.co/804PRapagA https://t.co/g3lQIY7l9O,BBC
17,0.8803,Sun Jan 14 11:18:04 +0000 2018,0.0,0.662,0.338,"RT @bbcmusic: Happy Birthday Dave Grohl! üéÅüéà‚ú®

HOW GREAT was the @FooFighters AC/DC cover in @BBCR1's Live Lounge??
Watch üëâ https://t.co/4lk‚Ä¶",BBC
18,0.3612,Sun Jan 14 11:03:03 +0000 2018,0.0,0.839,0.161,üêí‚ùÑÔ∏è Here's what the weather looked like around the world this week. üì∏  https://t.co/TTYG5JmFJ1 https://t.co/l9vs9T9J9A,BBC
19,0.8113,Sun Jan 14 10:42:37 +0000 2018,0.0,0.599,0.401,"RT @BBCRadio4: üê¶ Let this joyous birdsong ease you into your Sunday morning...
https://t.co/t8HCfaDl7X",BBC
20,-0.4939,Mon Jan 15 04:01:51 +0000 2018,0.211,0.789,0.0,This is how people in Hawaii reacted to the missile scare https://t.co/RGxi6lzXEz https://t.co/7wbiOuYRPf,CNN
21,0.0,Mon Jan 15 03:53:02 +0000 2018,0.0,1.0,0.0,Oil tanker burning in the East China Sea sinks https://t.co/fXyBozdAy7 https://t.co/TDxiPF4m3K,CNN
22,0.6209,Mon Jan 15 03:47:03 +0000 2018,0.066,0.701,0.233,"As a citizen of Norway, I can tell you we're not flattered, but offended by President Trump's eagerness to have us‚Ä¶ https://t.co/ABxifbiD8Y",CNN
23,-0.34,Mon Jan 15 03:41:06 +0000 2018,0.136,0.794,0.07,"Former US Defense Secretary Chuck Hagel called President Donald Trump ""an embarrassment"" and said he ""is doing grea‚Ä¶ https://t.co/RBu9ly88f8",CNN
24,0.6369,Mon Jan 15 03:31:21 +0000 2018,0.0,0.704,0.296,Here's a 2018 guide to Macau's best casinos https://t.co/NxOy7F0bLZ via @CNNTravel https://t.co/qiKuWFw8sY,CNN
25,-0.4019,Mon Jan 15 03:30:05 +0000 2018,0.231,0.769,0.0,Pope Francis faces tensions on South America trip https://t.co/fgCzAXzNp2 https://t.co/nWNbl5PRMN,CNN
26,0.0,Mon Jan 15 03:19:41 +0000 2018,0.0,1.0,0.0,The NFL playoff game between the Pittsburgh Steelers and Jacksonville Jaguars went off without a hitch Sunday after‚Ä¶ https://t.co/W8Cxr9AyxG,CNN
27,-0.4404,Mon Jan 15 03:06:51 +0000 2018,0.139,0.861,0.0,Republican Sen. Jeff Flake expected to deliver floor speech comparing Donald Trump's attacks on media to the rhetor‚Ä¶ https://t.co/YdvUmj4SWe,CNN
28,0.7506,Mon Jan 15 02:58:02 +0000 2018,0.0,0.766,0.234,"Pope Francis' trip to South America this week is supposed to be all about peace, unity and hope. But the pontiff co‚Ä¶ https://t.co/7ahjjpVlOA",CNN
29,-0.5423,Mon Jan 15 02:48:54 +0000 2018,0.41,0.432,0.158,What went wrong with Hawaii's false emergency alert https://t.co/fjy61y5FMG,CNN
30,0.0,Mon Jan 15 02:30:04 +0000 2018,0.0,1.0,0.0,Lawmakers bemoan backlash over President Trump's comments amid bipartisan push for DACA deal https://t.co/D7aieSPe9j https://t.co/GhpLsBugxt,CNN
31,-0.6908,Mon Jan 15 02:30:04 +0000 2018,0.231,0.769,0.0,This is how the missile detection and emergency messaging systems are supposed to work ‚Äî and what went wrong in Haw‚Ä¶ https://t.co/7iVBPidjFw,CNN
32,0.0,Mon Jan 15 02:25:51 +0000 2018,0.0,1.0,0.0,"'This place is a shithole' projected onto Trump hotel, with emojis https://t.co/DWVdDmSPUk",CNN
33,0.1779,Mon Jan 15 02:08:25 +0000 2018,0.0,0.909,0.091,"A growing movement is targeting single-use plastic straws, which are not recyclable and often end up littering the‚Ä¶ https://t.co/IdAcBXI7vh",CNN
34,0.0,Mon Jan 15 02:00:20 +0000 2018,0.0,1.0,0.0,"Donald Trump owes each and every American money, writes Dean Obeidallah for @CNNOpinion https://t.co/m6JA2YQRuw https://t.co/HIKd2YKp2g",CNN
35,0.0772,Mon Jan 15 01:54:22 +0000 2018,0.0,0.925,0.075,Palestinian Authority President Mahmoud Abbas appears to have confirmed reports that the Trump administration has e‚Ä¶ https://t.co/IarWjcTR36,CNN
36,0.296,Mon Jan 15 01:39:04 +0000 2018,0.0,0.891,0.109,"""They made a mistake."" Donald Trump makes first comments about the false ballistic missile alert sent out by Hawaii‚Ä¶ https://t.co/h2DXwJFtX2",CNN
37,-0.6705,Mon Jan 15 01:30:08 +0000 2018,0.243,0.757,0.0,Nearly 180 people have been killed in Syria's Eastern Ghouta in two weeks https://t.co/h12qDm3sdI https://t.co/H47o7fn2u4,CNN
38,0.4215,Mon Jan 15 01:15:01 +0000 2018,0.0,0.882,0.118,"A member of Qatar's royal family has said he is being held against his will in the United Arab Emirates, a claim di‚Ä¶ https://t.co/oZpLazCALD",CNN
39,0.0,Mon Jan 15 01:06:43 +0000 2018,0.0,1.0,0.0,US President Donald Trump defended himself on Sunday night after several days of controversy over his remarks about‚Ä¶ https://t.co/fDuwcKRkc9,CNN
40,0.0,Mon Jan 15 04:03:04 +0000 2018,0.0,1.0,0.0,Reflections from Afghanistan https://t.co/awlHj6pXwm https://t.co/jr3QQ8iq53,CBSNews
41,0.0,Mon Jan 15 03:48:06 +0000 2018,0.0,1.0,0.0,Drawing the lines on gerrymandering https://t.co/aFi2sNK8Cc https://t.co/b1FU08Yshc,CBSNews
42,0.0,Mon Jan 15 03:46:04 +0000 2018,0.0,1.0,0.0,Aziz Ansari responds to woman's claim of sexual misconduct https://t.co/oD4RUWfHYo https://t.co/sxv1FNiim1,CBSNews
43,0.0,Mon Jan 15 03:33:05 +0000 2018,0.0,1.0,0.0,"Oprah Winfrey on ""Time's Up"": Where do we go from here? https://t.co/bB4sn21HFy https://t.co/82hHo946SD",CBSNews
44,-0.296,Mon Jan 15 03:18:10 +0000 2018,0.136,0.864,0.0,"Sen. Joe Manchin: No senator would make up ""atrocious"" remark attributed to Trump https://t.co/J3eGgmG0rW https://t.co/tuYvIPzN5z",CBSNews
45,-0.3182,Mon Jan 15 03:14:05 +0000 2018,0.24,0.599,0.162,U.K. party suspends leader's girlfriend over racist Meghan Markle remarks https://t.co/6Vu18bvGiS https://t.co/Pvneco0nFr,CBSNews
46,0.0,Mon Jan 15 03:03:05 +0000 2018,0.0,1.0,0.0,"Jaguars edge out Steelers 45-42, will meet Patriots for AFC title game https://t.co/TQr5kInUoF https://t.co/Fjl9N5rLji",CBSNews
47,0.6298,Mon Jan 15 02:57:26 +0000 2018,0.089,0.66,0.25,"""I am not a racist. I am the least racist person you have ever interviewed."" Pres. Trump responds to accusations of‚Ä¶ https://t.co/WpIzABa5zl",CBSNews
48,-0.8934,Mon Jan 15 02:40:01 +0000 2018,0.433,0.567,0.0,Detectives probe claim that disgraced former politician Elliot Spitzer wanted to stab man during irate interaction‚Ä¶ https://t.co/sfXwigqrfA,CBSNews
49,0.4973,Mon Jan 15 02:21:32 +0000 2018,0.0,0.855,0.145,President Trump says he's not a racist days after his reported use of vulgar language to describe immigrants from A‚Ä¶ https://t.co/k2ZZQM0UZK,CBSNews
50,0.1779,Mon Jan 15 02:00:01 +0000 2018,0.0,0.918,0.082,Driver trying to make an escape in NYC's Times Square hit a police officer with his car before speeding off‚Ä¶ https://t.co/brvJXUDKli,CBSNews
51,-0.6908,Mon Jan 15 01:40:01 +0000 2018,0.275,0.725,0.0,Former NBA star Dennis Rodman has been arrested on suspicion of DUI in Southern California https://t.co/a1Jrv9NEmv https://t.co/f23KGV8zmG,CBSNews
52,-0.6705,Mon Jan 15 01:20:01 +0000 2018,0.243,0.757,0.0,"Married couple killed as Amtrak train hits SUV in North Carolina, authorities say https://t.co/0DMiXjvmxu https://t.co/tRxRokswIx",CBSNews
53,0.0,Mon Jan 15 01:00:01 +0000 2018,0.0,1.0,0.0,"Is Portland still Portlandia? For years, the city has been the symbol for laid-back, inexpensive quirkiness, but it‚Ä¶ https://t.co/CIvb18AOmO",CBSNews
54,-0.128,Mon Jan 15 00:40:00 +0000 2018,0.077,0.923,0.0,"It may mostly be propaganda when North Korea boasts about its nuclear capabilities, but one American scientist says‚Ä¶ https://t.co/phGnlcYC2S",CBSNews
55,-0.5994,Mon Jan 15 00:20:03 +0000 2018,0.157,0.843,0.0,"In 16 years, the Afghan War has cost 2,400 American lives and $1 trillion. But with the country's capital under sie‚Ä¶ https://t.co/sTj39YAIae",CBSNews
56,0.2732,Mon Jan 15 00:00:01 +0000 2018,0.0,0.896,0.104,"Portland is known for its civic responsibility and tolerant disposition. Yet last May, the city also witnessed a ho‚Ä¶ https://t.co/cYQMbwK08w",CBSNews
57,0.0,Sun Jan 14 23:47:26 +0000 2018,0.0,1.0,0.0,"Footage shows firefighters responding to a casino boat engulfed in flames near Port Richey, Florida. Dozens of peop‚Ä¶ https://t.co/g2hOxRv8HO",CBSNews
58,0.4588,Sun Jan 14 23:21:01 +0000 2018,0.0,0.833,0.167,North Korea has been boasting about its growing nuclear arsenal for years. To make sure the US got the message that‚Ä¶ https://t.co/t8qPSfrtMQ,CBSNews
59,-0.5994,Sun Jan 14 22:41:01 +0000 2018,0.163,0.837,0.0,"The war in Afghanistan is the longest in US history. After 16 years, a trillion dollars and 2400 American lives, th‚Ä¶ https://t.co/BOYYHwOKVi",CBSNews
60,-0.1531,Mon Jan 15 04:16:07 +0000 2018,0.19,0.652,0.158,Poll: Do you think race relations in the U.S. are good or bad? https://t.co/ydWt1XLpQr,FoxNews
61,0.0,Mon Jan 15 04:12:03 +0000 2018,0.0,1.0,0.0,"This morning, President @realDonaldTrump declared that ""DACA is probably dead."" https://t.co/rmJNZSMcH1 https://t.co/iMXz7UKLIg",FoxNews
62,0.3612,Mon Jan 15 04:06:05 +0000 2018,0.0,0.884,0.116,".@DiamondandSilk: ""It sounds like @BarackObama is living on a planet in La La Land. He's the one who's running arou‚Ä¶ https://t.co/cSbitN4GZo",FoxNews
63,-0.6124,Mon Jan 15 04:00:04 +0000 2018,0.267,0.733,0.0,"On @FoxNewsSunday, California @AGBecerra stated that President @realDonaldTrump is a racist. https://t.co/uWy1ElA9il https://t.co/6BZiApqAL4",FoxNews
64,-0.7048,Mon Jan 15 03:55:06 +0000 2018,0.218,0.782,0.0,"Joe Arpaio on running for Senate in Arizona: ""I never had a hero, it took me 75 years to find a hero, and that's‚Ä¶ https://t.co/3ikhbqRzNq",FoxNews
65,0.0,Mon Jan 15 03:47:00 +0000 2018,0.0,1.0,0.0,"Drugged driver crashes car into second story of California building, officials say https://t.co/wUmpA3CPHT",FoxNews
66,-0.296,Mon Jan 15 03:41:00 +0000 2018,0.167,0.833,0.0,Georgia high school janitor accused of spying on girl's locker room https://t.co/noz0j8ezp2,FoxNews
67,0.1531,Mon Jan 15 03:36:00 +0000 2018,0.0,0.882,0.118,"Palestinian leader Abbas rips Trump, vows 'we will slap back' at president https://t.co/9jOdqPJCKb",FoxNews
68,-0.079,Mon Jan 15 03:31:00 +0000 2018,0.116,0.884,0.0,Thai junta boss eyes staying on with little stopping him https://t.co/wnTAXck6Qy,FoxNews
69,0.0,Mon Jan 15 03:25:06 +0000 2018,0.0,1.0,0.0,"Rescuers search homes off East Valley Road in Montecito, California after deadly mudslides pummeled parts of Southe‚Ä¶ https://t.co/TFhJjYDoUc",FoxNews
70,-0.7579,Mon Jan 15 03:25:03 +0000 2018,0.371,0.629,0.0,Hawaii's false missile threat: Worker who pushed wrong button to be reassigned https://t.co/eHb9oquMzb,FoxNews
71,-0.4215,Mon Jan 15 03:15:00 +0000 2018,0.196,0.714,0.089,"GOP senator Perdue comes to Trump's defense after 's---hole' outcry, questions Durbin's credibility https://t.co/27zpSBRH9l",FoxNews
72,0.0,Mon Jan 15 03:08:23 +0000 2018,0.125,0.75,0.125,".@CortesSteve: Instead of criticizing @realDonaldTrump on immigration issues, we should thank him for doing his job https://t.co/0veqK9tX4p",FoxNews
73,0.0,Mon Jan 15 03:06:53 +0000 2018,0.0,1.0,0.0,"RT @FoxNewsResearch: ISIS-related cases in the U.S. ‚Üí
‚Ä¢42% of cases involved individuals born outside U.S.
‚Ä¢Most common countries of origin‚Ä¶",FoxNews
74,0.1139,Mon Jan 15 03:05:02 +0000 2018,0.0,0.929,0.071,JANUARY 20th: @TeamCavuto is LIVE in Washington for 2 hours - Don't miss #Cavuto Live every Saturday from 10a to 12‚Ä¶ https://t.co/BpGDGHakWQ,FoxNews
75,-0.6908,Mon Jan 15 02:57:00 +0000 2018,0.322,0.678,0.0,Liam Neeson sees 'a bit of a witch hunt' in Hollywood's sexual misconduct scandals https://t.co/lEs1xT2eu8,FoxNews
76,0.0,Mon Jan 15 02:49:00 +0000 2018,0.0,1.0,0.0,Medieval Times introduces female lead for first time in 34-year history https://t.co/vAd5UOTRZu,FoxNews
77,0.0,Mon Jan 15 02:45:12 +0000 2018,0.0,1.0,0.0,Koreas discuss Northern art troupe's planned visit during Olympics https://t.co/6YDNdPJYKq,FoxNews
78,0.0,Mon Jan 15 02:32:22 +0000 2018,0.0,1.0,0.0,".@ConanOBrien jabs @realDonaldTrump, announces he's taking his show to Haiti https://t.co/JlPGH4gvzM",FoxNews
79,0.0,Mon Jan 15 02:22:59 +0000 2018,0.0,1.0,0.0,".@LucyFlores on DACA: ""You're not against Dreamers because you're not for spending unnecessary tax dollars... what‚Ä¶ https://t.co/J7w7vLw0Uc",FoxNews
80,0.6124,Mon Jan 15 04:07:54 +0000 2018,0.0,0.706,0.294,"Doug Harvey, Hall of Fame Umpire Whom Players Called God, Dies at 87 https://t.co/4MND81qAdm",nytimes
81,-0.5719,Mon Jan 15 03:57:48 +0000 2018,0.27,0.73,0.0,"In Iran, Protester ‚ÄòSuicides‚Äô Stir Anger and Calls for Accountability https://t.co/ipFcTXrdPU",nytimes
82,-0.2263,Mon Jan 15 03:54:37 +0000 2018,0.128,0.872,0.0,"The Saturday Profile: Cairo‚Äôs Lawsuit King Sues Actors, Belly Dancers, Even Puppet Shows https://t.co/9aTTItWgPH",nytimes
83,-0.6808,Mon Jan 15 03:47:51 +0000 2018,0.25,0.672,0.078,"When a woman was raped in a Brooklyn park in 1994, a columnist called it a hoax. But new DNA testing has solved the‚Ä¶ https://t.co/r9ymHZJG43",nytimes
84,0.0,Mon Jan 15 03:31:40 +0000 2018,0.0,1.0,0.0,Review: A Fantasy Town Builds a Wall Against Time in ‚ÄòBallyturk‚Äô https://t.co/DX8gucTmZA,nytimes
85,0.0,Mon Jan 15 03:30:20 +0000 2018,0.0,1.0,0.0,Go gray https://t.co/nXX1Fg4cXh,nytimes
86,0.1531,Mon Jan 15 03:11:26 +0000 2018,0.108,0.743,0.149,False Missile Alert Looms as a Black Eye for Hawaii and Its Governor https://t.co/cKivw4Lp8R,nytimes
87,-0.5994,Mon Jan 15 03:08:23 +0000 2018,0.262,0.738,0.0,Secret Tunnel in Berlin Is an Echo From the Cold War https://t.co/6TP8ugbXRc,nytimes
88,-0.3818,Mon Jan 15 02:59:58 +0000 2018,0.178,0.822,0.0,"RT @nytimesarts: In the battle of the peak-TV queens, it's Victoria's turn https://t.co/JJ8nOjD3sw",nytimes
89,-0.2782,Mon Jan 15 02:42:05 +0000 2018,0.136,0.767,0.097,"""We fully felt like we were about to die. I drove to try to get to my kids even though I knew I probably wouldn't m‚Ä¶ https://t.co/7QiaxcR3Kp",nytimes
90,-0.34,Mon Jan 15 02:22:26 +0000 2018,0.211,0.789,0.0,"‚ÄòI‚Äôm Not a Racist,‚Äô Trump Says in Denying Vulgar Comment https://t.co/ZKVU1jeUvj",nytimes
91,0.5574,Mon Jan 15 02:09:54 +0000 2018,0.085,0.682,0.233,"Male sea turtles are disappearing from Australia‚Äôs Great Barrier Reef, a new study suggests https://t.co/zjW4rysnUz",nytimes
92,0.0,Mon Jan 15 01:55:56 +0000 2018,0.0,1.0,0.0,"Breaking News: ""I'm not a racist."" President Trump insisted again on Sunday that he did not make a vulgar comment l‚Ä¶ https://t.co/NUWF6ipxCm",nytimes
93,-0.3818,Mon Jan 15 01:49:14 +0000 2018,0.224,0.776,0.0,Vikings Shock Saints on Last-Second Touchdown by Stefon Diggs https://t.co/l8VlsKxwQe,nytimes
94,0.0,Mon Jan 15 01:41:54 +0000 2018,0.0,1.0,0.0,"""You can't look down to read the speech, you have to take the speech up. Because if you did your neck would break.""‚Ä¶ https://t.co/CqxEpjEwpZ",nytimes
95,0.0,Mon Jan 15 01:22:55 +0000 2018,0.0,1.0,0.0,"""You can't look down to read the speech, you have to take the speech up. Because if you did your neck would break.""‚Ä¶ https://t.co/yan4tsOORc",nytimes
96,-0.296,Mon Jan 15 01:04:22 +0000 2018,0.109,0.891,0.0,President Trump accused The Wall Street Journal of purposely misquoting him. The Journal responded by posting an au‚Ä¶ https://t.co/HhluE5bIs5,nytimes
97,0.0,Mon Jan 15 00:47:03 +0000 2018,0.0,1.0,0.0,Essay: The Poet of Light https://t.co/2vn1TEtBSN,nytimes
98,-0.6529,Mon Jan 15 00:41:27 +0000 2018,0.289,0.633,0.078,"""The risk of accidental nuclear war is not hypothetical ‚Äî accidents have happened in the past, and humans will err‚Ä¶ https://t.co/uetTDZsMuI",nytimes
99,-0.5994,Mon Jan 15 00:24:05 +0000 2018,0.281,0.719,0.0,Military Quietly Prepares for a Last Resort: War With North Korea https://t.co/wS6mIkgOHl,nytimes
100,0.0,Sun Jan 14 20:15:03 +0000 2018,0.0,1.0,0.0,Britain is the only place in the world with a medieval Coronation ceremony. üá¨üáß #TheCoronation https://t.co/WJfENrXnu3,BBC
101,-0.079,Sun Jan 14 20:00:09 +0000 2018,0.142,0.731,0.128,"Long nights, snowshoes and a broken down boat... 

üé•üêØüé¨ This is what it was really like filming #BigCats.‚Ä¶ https://t.co/Ot9oNcEwkI",BBC
102,-0.2023,Sun Jan 14 19:30:08 +0000 2018,0.182,0.677,0.141,"Ten times pop culture romanticised sexual harassment. 

And maybe you didn't even notice it...‚Ä¶ https://t.co/P28RPwXaNK",BBC
103,0.0772,Sun Jan 14 19:00:07 +0000 2018,0.188,0.598,0.214,"No sympathy from the camera operator at all. üòÇ
https://t.co/cQF64ofzMz",BBC
104,0.296,Sun Jan 14 18:33:04 +0000 2018,0.0,0.891,0.109,"On the 65th anniversary of the Coronation, the Queen shares her memories of the ceremony. üëë

#TheCoronation | 8pm |‚Ä¶ https://t.co/E9PmcZEnsf",BBC
105,-0.0772,Sun Jan 14 18:00:06 +0000 2018,0.098,0.902,0.0,üö¥üá®üá¥ Could one of the toughest cycling races bring unity to Colombia? https://t.co/VRRzqjLWMa,BBC
106,0.9423,Sun Jan 14 17:30:08 +0000 2018,0.0,0.377,0.623,"Rusty spotted cats are super rare, super small and super adorable. üòª

#BigCats https://t.co/PgIC5WfdaJ",BBC
107,0.2003,Sun Jan 14 17:02:03 +0000 2018,0.0,0.905,0.095,"Remember when Jay-Z had a legal showdown with a restaurant in Newcastle?! ü§îüé∂

Here are 6 of the strangest lawsuits‚Ä¶ https://t.co/PwwpuXxHrZ",BBC
108,-0.4767,Sun Jan 14 16:30:09 +0000 2018,0.162,0.838,0.0,"üîç @IanMcKellen stars as a retired Sherlock Holmes who is haunted by a final case.

#MrHolmes | 6:20pm | @BBCTwo |‚Ä¶ https://t.co/iTfz9A9NfS",BBC
109,0.0,Sun Jan 14 16:00:06 +0000 2018,0.0,1.0,0.0,"In Greenland, you can find a shark that could live for hundreds of years. üò≤ü¶à https://t.co/kc08HclHef",BBC
110,-0.1027,Sun Jan 14 15:00:10 +0000 2018,0.116,0.789,0.095,A @NASA telescope has yielded important insights into how stars are born from collapsing gas and dust.‚Ä¶ https://t.co/Ag4bp18ZG0,BBC
111,0.0,Sun Jan 14 14:00:04 +0000 2018,0.0,1.0,0.0,"While parts of the US &amp; Canada felt as cold as -67C recently, Australia is experiencing its hottest weather in 79 y‚Ä¶ https://t.co/mtrZUhzthy",BBC
112,0.7264,Sun Jan 14 13:26:03 +0000 2018,0.0,0.679,0.321,"üé¨ Thrillers, comedy and foreign drama.

üì∫ @BBC_Culture rounds up the most exciting programmes on the small screen o‚Ä¶ https://t.co/DpxgDUIyij",BBC
113,0.5093,Sun Jan 14 13:03:04 +0000 2018,0.0,0.859,0.141,"Nominations for the BBC Food and Farming Awards 2018 are now open! üåΩüçÖ

If there‚Äôs a producer, cook, retailer or ini‚Ä¶ https://t.co/mkDAtLcc3R",BBC
114,-0.765,Sun Jan 14 12:30:07 +0000 2018,0.306,0.694,0.0,YouTube has decided to cut ties with vlogger Logan Paul over his Japan suicide video. https://t.co/zE0vEGoLkK https://t.co/rzGMXlKv0s,BBC
115,0.0,Sun Jan 14 12:00:07 +0000 2018,0.0,1.0,0.0,"Ever wondered how mayonnaise is made? 

Take a peek #InsideTheFactory. https://t.co/laIJyyTO5Q",BBC
116,-0.3612,Sun Jan 14 11:30:09 +0000 2018,0.217,0.783,0.0,Snow has fallen in the Sahara desert. ‚ùÑÔ∏è https://t.co/804PRapagA https://t.co/g3lQIY7l9O,BBC
117,0.8803,Sun Jan 14 11:18:04 +0000 2018,0.0,0.662,0.338,"RT @bbcmusic: Happy Birthday Dave Grohl! üéÅüéà‚ú®

HOW GREAT was the @FooFighters AC/DC cover in @BBCR1's Live Lounge??
Watch üëâ https://t.co/4lk‚Ä¶",BBC
118,0.3612,Sun Jan 14 11:03:03 +0000 2018,0.0,0.839,0.161,üêí‚ùÑÔ∏è Here's what the weather looked like around the world this week. üì∏  https://t.co/TTYG5JmFJ1 https://t.co/l9vs9T9J9A,BBC
119,0.8113,Sun Jan 14 10:42:37 +0000 2018,0.0,0.599,0.401,"RT @BBCRadio4: üê¶ Let this joyous birdsong ease you into your Sunday morning...
https://t.co/t8HCfaDl7X",BBC
120,-0.4939,Mon Jan 15 04:01:51 +0000 2018,0.211,0.789,0.0,This is how people in Hawaii reacted to the missile scare https://t.co/RGxi6lzXEz https://t.co/7wbiOuYRPf,CNN
121,0.0,Mon Jan 15 03:53:02 +0000 2018,0.0,1.0,0.0,Oil tanker burning in the East China Sea sinks https://t.co/fXyBozdAy7 https://t.co/TDxiPF4m3K,CNN
122,0.6209,Mon Jan 15 03:47:03 +0000 2018,0.066,0.701,0.233,"As a citizen of Norway, I can tell you we're not flattered, but offended by President Trump's eagerness to have us‚Ä¶ https://t.co/ABxifbiD8Y",CNN
123,-0.34,Mon Jan 15 03:41:06 +0000 2018,0.136,0.794,0.07,"Former US Defense Secretary Chuck Hagel called President Donald Trump ""an embarrassment"" and said he ""is doing grea‚Ä¶ https://t.co/RBu9ly88f8",CNN
124,0.6369,Mon Jan 15 03:31:21 +0000 2018,0.0,0.704,0.296,Here's a 2018 guide to Macau's best casinos https://t.co/NxOy7F0bLZ via @CNNTravel https://t.co/qiKuWFw8sY,CNN
125,-0.4019,Mon Jan 15 03:30:05 +0000 2018,0.231,0.769,0.0,Pope Francis faces tensions on South America trip https://t.co/fgCzAXzNp2 https://t.co/nWNbl5PRMN,CNN
126,0.0,Mon Jan 15 03:19:41 +0000 2018,0.0,1.0,0.0,The NFL playoff game between the Pittsburgh Steelers and Jacksonville Jaguars went off without a hitch Sunday after‚Ä¶ https://t.co/W8Cxr9AyxG,CNN
127,-0.4404,Mon Jan 15 03:06:51 +0000 2018,0.139,0.861,0.0,Republican Sen. Jeff Flake expected to deliver floor speech comparing Donald Trump's attacks on media to the rhetor‚Ä¶ https://t.co/YdvUmj4SWe,CNN
128,0.7506,Mon Jan 15 02:58:02 +0000 2018,0.0,0.766,0.234,"Pope Francis' trip to South America this week is supposed to be all about peace, unity and hope. But the pontiff co‚Ä¶ https://t.co/7ahjjpVlOA",CNN
129,-0.5423,Mon Jan 15 02:48:54 +0000 2018,0.41,0.432,0.158,What went wrong with Hawaii's false emergency alert https://t.co/fjy61y5FMG,CNN
130,0.0,Mon Jan 15 02:30:04 +0000 2018,0.0,1.0,0.0,Lawmakers bemoan backlash over President Trump's comments amid bipartisan push for DACA deal https://t.co/D7aieSPe9j https://t.co/GhpLsBugxt,CNN
131,-0.6908,Mon Jan 15 02:30:04 +0000 2018,0.231,0.769,0.0,This is how the missile detection and emergency messaging systems are supposed to work ‚Äî and what went wrong in Haw‚Ä¶ https://t.co/7iVBPidjFw,CNN
132,0.0,Mon Jan 15 02:25:51 +0000 2018,0.0,1.0,0.0,"'This place is a shithole' projected onto Trump hotel, with emojis https://t.co/DWVdDmSPUk",CNN
133,0.1779,Mon Jan 15 02:08:25 +0000 2018,0.0,0.909,0.091,"A growing movement is targeting single-use plastic straws, which are not recyclable and often end up littering the‚Ä¶ https://t.co/IdAcBXI7vh",CNN
134,0.0,Mon Jan 15 02:00:20 +0000 2018,0.0,1.0,0.0,"Donald Trump owes each and every American money, writes Dean Obeidallah for @CNNOpinion https://t.co/m6JA2YQRuw https://t.co/HIKd2YKp2g",CNN
135,0.0772,Mon Jan 15 01:54:22 +0000 2018,0.0,0.925,0.075,Palestinian Authority President Mahmoud Abbas appears to have confirmed reports that the Trump administration has e‚Ä¶ https://t.co/IarWjcTR36,CNN
136,0.296,Mon Jan 15 01:39:04 +0000 2018,0.0,0.891,0.109,"""They made a mistake."" Donald Trump makes first comments about the false ballistic missile alert sent out by Hawaii‚Ä¶ https://t.co/h2DXwJFtX2",CNN
137,-0.6705,Mon Jan 15 01:30:08 +0000 2018,0.243,0.757,0.0,Nearly 180 people have been killed in Syria's Eastern Ghouta in two weeks https://t.co/h12qDm3sdI https://t.co/H47o7fn2u4,CNN
138,0.4215,Mon Jan 15 01:15:01 +0000 2018,0.0,0.882,0.118,"A member of Qatar's royal family has said he is being held against his will in the United Arab Emirates, a claim di‚Ä¶ https://t.co/oZpLazCALD",CNN
139,0.0,Mon Jan 15 01:06:43 +0000 2018,0.0,1.0,0.0,US President Donald Trump defended himself on Sunday night after several days of controversy over his remarks about‚Ä¶ https://t.co/fDuwcKRkc9,CNN
140,0.0,Mon Jan 15 04:03:04 +0000 2018,0.0,1.0,0.0,Reflections from Afghanistan https://t.co/awlHj6pXwm https://t.co/jr3QQ8iq53,CBSNews
141,0.0,Mon Jan 15 03:48:06 +0000 2018,0.0,1.0,0.0,Drawing the lines on gerrymandering https://t.co/aFi2sNK8Cc https://t.co/b1FU08Yshc,CBSNews
142,0.0,Mon Jan 15 03:46:04 +0000 2018,0.0,1.0,0.0,Aziz Ansari responds to woman's claim of sexual misconduct https://t.co/oD4RUWfHYo https://t.co/sxv1FNiim1,CBSNews
143,0.0,Mon Jan 15 03:33:05 +0000 2018,0.0,1.0,0.0,"Oprah Winfrey on ""Time's Up"": Where do we go from here? https://t.co/bB4sn21HFy https://t.co/82hHo946SD",CBSNews
144,-0.296,Mon Jan 15 03:18:10 +0000 2018,0.136,0.864,0.0,"Sen. Joe Manchin: No senator would make up ""atrocious"" remark attributed to Trump https://t.co/J3eGgmG0rW https://t.co/tuYvIPzN5z",CBSNews
145,-0.3182,Mon Jan 15 03:14:05 +0000 2018,0.24,0.599,0.162,U.K. party suspends leader's girlfriend over racist Meghan Markle remarks https://t.co/6Vu18bvGiS https://t.co/Pvneco0nFr,CBSNews
146,0.0,Mon Jan 15 03:03:05 +0000 2018,0.0,1.0,0.0,"Jaguars edge out Steelers 45-42, will meet Patriots for AFC title game https://t.co/TQr5kInUoF https://t.co/Fjl9N5rLji",CBSNews
147,0.6298,Mon Jan 15 02:57:26 +0000 2018,0.089,0.66,0.25,"""I am not a racist. I am the least racist person you have ever interviewed."" Pres. Trump responds to accusations of‚Ä¶ https://t.co/WpIzABa5zl",CBSNews
148,-0.8934,Mon Jan 15 02:40:01 +0000 2018,0.433,0.567,0.0,Detectives probe claim that disgraced former politician Elliot Spitzer wanted to stab man during irate interaction‚Ä¶ https://t.co/sfXwigqrfA,CBSNews
149,0.4973,Mon Jan 15 02:21:32 +0000 2018,0.0,0.855,0.145,President Trump says he's not a racist days after his reported use of vulgar language to describe immigrants from A‚Ä¶ https://t.co/k2ZZQM0UZK,CBSNews
150,0.1779,Mon Jan 15 02:00:01 +0000 2018,0.0,0.918,0.082,Driver trying to make an escape in NYC's Times Square hit a police officer with his car before speeding off‚Ä¶ https://t.co/brvJXUDKli,CBSNews
151,-0.6908,Mon Jan 15 01:40:01 +0000 2018,0.275,0.725,0.0,Former NBA star Dennis Rodman has been arrested on suspicion of DUI in Southern California https://t.co/a1Jrv9NEmv https://t.co/f23KGV8zmG,CBSNews
152,-0.6705,Mon Jan 15 01:20:01 +0000 2018,0.243,0.757,0.0,"Married couple killed as Amtrak train hits SUV in North Carolina, authorities say https://t.co/0DMiXjvmxu https://t.co/tRxRokswIx",CBSNews
153,0.0,Mon Jan 15 01:00:01 +0000 2018,0.0,1.0,0.0,"Is Portland still Portlandia? For years, the city has been the symbol for laid-back, inexpensive quirkiness, but it‚Ä¶ https://t.co/CIvb18AOmO",CBSNews
154,-0.128,Mon Jan 15 00:40:00 +0000 2018,0.077,0.923,0.0,"It may mostly be propaganda when North Korea boasts about its nuclear capabilities, but one American scientist says‚Ä¶ https://t.co/phGnlcYC2S",CBSNews
155,-0.5994,Mon Jan 15 00:20:03 +0000 2018,0.157,0.843,0.0,"In 16 years, the Afghan War has cost 2,400 American lives and $1 trillion. But with the country's capital under sie‚Ä¶ https://t.co/sTj39YAIae",CBSNews
156,0.2732,Mon Jan 15 00:00:01 +0000 2018,0.0,0.896,0.104,"Portland is known for its civic responsibility and tolerant disposition. Yet last May, the city also witnessed a ho‚Ä¶ https://t.co/cYQMbwK08w",CBSNews
157,0.0,Sun Jan 14 23:47:26 +0000 2018,0.0,1.0,0.0,"Footage shows firefighters responding to a casino boat engulfed in flames near Port Richey, Florida. Dozens of peop‚Ä¶ https://t.co/g2hOxRv8HO",CBSNews
158,0.4588,Sun Jan 14 23:21:01 +0000 2018,0.0,0.833,0.167,North Korea has been boasting about its growing nuclear arsenal for years. To make sure the US got the message that‚Ä¶ https://t.co/t8qPSfrtMQ,CBSNews
159,-0.5994,Sun Jan 14 22:41:01 +0000 2018,0.163,0.837,0.0,"The war in Afghanistan is the longest in US history. After 16 years, a trillion dollars and 2400 American lives, th‚Ä¶ https://t.co/BOYYHwOKVi",CBSNews
160,-0.1531,Mon Jan 15 04:16:07 +0000 2018,0.19,0.652,0.158,Poll: Do you think race relations in the U.S. are good or bad? https://t.co/ydWt1XLpQr,FoxNews
161,0.0,Mon Jan 15 04:12:03 +0000 2018,0.0,1.0,0.0,"This morning, President @realDonaldTrump declared that ""DACA is probably dead."" https://t.co/rmJNZSMcH1 https://t.co/iMXz7UKLIg",FoxNews
162,0.3612,Mon Jan 15 04:06:05 +0000 2018,0.0,0.884,0.116,".@DiamondandSilk: ""It sounds like @BarackObama is living on a planet in La La Land. He's the one who's running arou‚Ä¶ https://t.co/cSbitN4GZo",FoxNews
163,-0.6124,Mon Jan 15 04:00:04 +0000 2018,0.267,0.733,0.0,"On @FoxNewsSunday, California @AGBecerra stated that President @realDonaldTrump is a racist. https://t.co/uWy1ElA9il https://t.co/6BZiApqAL4",FoxNews
164,-0.7048,Mon Jan 15 03:55:06 +0000 2018,0.218,0.782,0.0,"Joe Arpaio on running for Senate in Arizona: ""I never had a hero, it took me 75 years to find a hero, and that's‚Ä¶ https://t.co/3ikhbqRzNq",FoxNews
165,0.0,Mon Jan 15 03:47:00 +0000 2018,0.0,1.0,0.0,"Drugged driver crashes car into second story of California building, officials say https://t.co/wUmpA3CPHT",FoxNews
166,-0.296,Mon Jan 15 03:41:00 +0000 2018,0.167,0.833,0.0,Georgia high school janitor accused of spying on girl's locker room https://t.co/noz0j8ezp2,FoxNews
167,0.1531,Mon Jan 15 03:36:00 +0000 2018,0.0,0.882,0.118,"Palestinian leader Abbas rips Trump, vows 'we will slap back' at president https://t.co/9jOdqPJCKb",FoxNews
168,-0.079,Mon Jan 15 03:31:00 +0000 2018,0.116,0.884,0.0,Thai junta boss eyes staying on with little stopping him https://t.co/wnTAXck6Qy,FoxNews
169,0.0,Mon Jan 15 03:25:06 +0000 2018,0.0,1.0,0.0,"Rescuers search homes off East Valley Road in Montecito, California after deadly mudslides pummeled parts of Southe‚Ä¶ https://t.co/TFhJjYDoUc",FoxNews
170,-0.7579,Mon Jan 15 03:25:03 +0000 2018,0.371,0.629,0.0,Hawaii's false missile threat: Worker who pushed wrong button to be reassigned https://t.co/eHb9oquMzb,FoxNews
171,-0.4215,Mon Jan 15 03:15:00 +0000 2018,0.196,0.714,0.089,"GOP senator Perdue comes to Trump's defense after 's---hole' outcry, questions Durbin's credibility https://t.co/27zpSBRH9l",FoxNews
172,0.0,Mon Jan 15 03:08:23 +0000 2018,0.125,0.75,0.125,".@CortesSteve: Instead of criticizing @realDonaldTrump on immigration issues, we should thank him for doing his job https://t.co/0veqK9tX4p",FoxNews
173,0.0,Mon Jan 15 03:06:53 +0000 2018,0.0,1.0,0.0,"RT @FoxNewsResearch: ISIS-related cases in the U.S. ‚Üí
‚Ä¢42% of cases involved individuals born outside U.S.
‚Ä¢Most common countries of origin‚Ä¶",FoxNews
174,0.1139,Mon Jan 15 03:05:02 +0000 2018,0.0,0.929,0.071,JANUARY 20th: @TeamCavuto is LIVE in Washington for 2 hours - Don't miss #Cavuto Live every Saturday from 10a to 12‚Ä¶ https://t.co/BpGDGHakWQ,FoxNews
175,-0.6908,Mon Jan 15 02:57:00 +0000 2018,0.322,0.678,0.0,Liam Neeson sees 'a bit of a witch hunt' in Hollywood's sexual misconduct scandals https://t.co/lEs1xT2eu8,FoxNews
176,0.0,Mon Jan 15 02:49:00 +0000 2018,0.0,1.0,0.0,Medieval Times introduces female lead for first time in 34-year history https://t.co/vAd5UOTRZu,FoxNews
177,0.0,Mon Jan 15 02:45:12 +0000 2018,0.0,1.0,0.0,Koreas discuss Northern art troupe's planned visit during Olympics https://t.co/6YDNdPJYKq,FoxNews
178,0.0,Mon Jan 15 02:32:22 +0000 2018,0.0,1.0,0.0,".@ConanOBrien jabs @realDonaldTrump, announces he's taking his show to Haiti https://t.co/JlPGH4gvzM",FoxNews
179,0.0,Mon Jan 15 02:22:59 +0000 2018,0.0,1.0,0.0,".@LucyFlores on DACA: ""You're not against Dreamers because you're not for spending unnecessary tax dollars... what‚Ä¶ https://t.co/J7w7vLw0Uc",FoxNews
180,0.6124,Mon Jan 15 04:07:54 +0000 2018,0.0,0.706,0.294,"Doug Harvey, Hall of Fame Umpire Whom Players Called God, Dies at 87 https://t.co/4MND81qAdm",nytimes
181,-0.5719,Mon Jan 15 03:57:48 +0000 2018,0.27,0.73,0.0,"In Iran, Protester ‚ÄòSuicides‚Äô Stir Anger and Calls for Accountability https://t.co/ipFcTXrdPU",nytimes
182,-0.2263,Mon Jan 15 03:54:37 +0000 2018,0.128,0.872,0.0,"The Saturday Profile: Cairo‚Äôs Lawsuit King Sues Actors, Belly Dancers, Even Puppet Shows https://t.co/9aTTItWgPH",nytimes
183,-0.6808,Mon Jan 15 03:47:51 +0000 2018,0.25,0.672,0.078,"When a woman was raped in a Brooklyn park in 1994, a columnist called it a hoax. But new DNA testing has solved the‚Ä¶ https://t.co/r9ymHZJG43",nytimes
184,0.0,Mon Jan 15 03:31:40 +0000 2018,0.0,1.0,0.0,Review: A Fantasy Town Builds a Wall Against Time in ‚ÄòBallyturk‚Äô https://t.co/DX8gucTmZA,nytimes
185,0.0,Mon Jan 15 03:30:20 +0000 2018,0.0,1.0,0.0,Go gray https://t.co/nXX1Fg4cXh,nytimes
186,0.1531,Mon Jan 15 03:11:26 +0000 2018,0.108,0.743,0.149,False Missile Alert Looms as a Black Eye for Hawaii and Its Governor https://t.co/cKivw4Lp8R,nytimes
187,-0.5994,Mon Jan 15 03:08:23 +0000 2018,0.262,0.738,0.0,Secret Tunnel in Berlin Is an Echo From the Cold War https://t.co/6TP8ugbXRc,nytimes
188,-0.3818,Mon Jan 15 02:59:58 +0000 2018,0.178,0.822,0.0,"RT @nytimesarts: In the battle of the peak-TV queens, it's Victoria's turn https://t.co/JJ8nOjD3sw",nytimes
189,-0.2782,Mon Jan 15 02:42:05 +0000 2018,0.136,0.767,0.097,"""We fully felt like we were about to die. I drove to try to get to my kids even though I knew I probably wouldn't m‚Ä¶ https://t.co/7QiaxcR3Kp",nytimes
190,-0.34,Mon Jan 15 02:22:26 +0000 2018,0.211,0.789,0.0,"‚ÄòI‚Äôm Not a Racist,‚Äô Trump Says in Denying Vulgar Comment https://t.co/ZKVU1jeUvj",nytimes
191,0.5574,Mon Jan 15 02:09:54 +0000 2018,0.085,0.682,0.233,"Male sea turtles are disappearing from Australia‚Äôs Great Barrier Reef, a new study suggests https://t.co/zjW4rysnUz",nytimes
192,0.0,Mon Jan 15 01:55:56 +0000 2018,0.0,1.0,0.0,"Breaking News: ""I'm not a racist."" President Trump insisted again on Sunday that he did not make a vulgar comment l‚Ä¶ https://t.co/NUWF6ipxCm",nytimes
193,-0.3818,Mon Jan 15 01:49:14 +0000 2018,0.224,0.776,0.0,Vikings Shock Saints on Last-Second Touchdown by Stefon Diggs https://t.co/l8VlsKxwQe,nytimes
194,0.0,Mon Jan 15 01:41:54 +0000 2018,0.0,1.0,0.0,"""You can't look down to read the speech, you have to take the speech up. Because if you did your neck would break.""‚Ä¶ https://t.co/CqxEpjEwpZ",nytimes
195,0.0,Mon Jan 15 01:22:55 +0000 2018,0.0,1.0,0.0,"""You can't look down to read the speech, you have to take the speech up. Because if you did your neck would break.""‚Ä¶ https://t.co/yan4tsOORc",nytimes
196,-0.296,Mon Jan 15 01:04:22 +0000 2018,0.109,0.891,0.0,President Trump accused The Wall Street Journal of purposely misquoting him. The Journal responded by posting an au‚Ä¶ https://t.co/HhluE5bIs5,nytimes
197,0.0,Mon Jan 15 00:47:03 +0000 2018,0.0,1.0,0.0,Essay: The Poet of Light https://t.co/2vn1TEtBSN,nytimes
198,-0.6529,Mon Jan 15 00:41:27 +0000 2018,0.289,0.633,0.078,"""The risk of accidental nuclear war is not hypothetical ‚Äî accidents have happened in the past, and humans will err‚Ä¶ https://t.co/uetTDZsMuI",nytimes
199,-0.5994,Mon Jan 15 00:24:05 +0000 2018,0.281,0.719,0.0,Military Quietly Prepares for a Last Resort: War With North Korea https://t.co/wS6mIkgOHl,nytimes
200,-0.6486,Sun Jan 14 10:30:08 +0000 2018,0.249,0.751,0.0,"The world has entered a new era of conflict ‚Äì offensive cyber-attacks aimed at infrastructure and society, all done‚Ä¶ https://t.co/Z63a1IY29o",BBC
201,0.5719,Sun Jan 14 10:09:01 +0000 2018,0.0,0.748,0.252,Here's the moment @ThisIsSigrid found out she'd won @BBCMusic's #SoundOf2018. üò¢üé∂ https://t.co/3Rc2K6dwMS,BBC
202,0.0,Sun Jan 14 09:47:01 +0000 2018,0.0,1.0,0.0,"Fancy a game of punchball, anyone?! #TheGNShow üéæ https://t.co/ZVKfXsNmqf",BBC
203,0.0,Sun Jan 14 09:38:16 +0000 2018,0.0,1.0,0.0,RT @BBCSpringwatch: Who's been visiting your garden this winter? https://t.co/Tn7VwADqMZ https://t.co/MjSNAC8E4D,BBC
204,0.6705,Sun Jan 14 09:17:02 +0000 2018,0.0,0.56,0.44,Ready to bounce back after the festive season? https://t.co/4w9fbd628g,BBC
205,0.7469,Sun Jan 14 09:11:08 +0000 2018,0.0,0.761,0.239,"RT @bbcgetinspired: Keith Lynch was told he might never walk again - but now he's a champion climber.

‚û° https://t.co/u9Q8KeuwJd #GetInspir‚Ä¶",BBC
206,-0.3612,Sun Jan 14 08:30:05 +0000 2018,0.135,0.865,0.0,Unleash your inner sloth &amp; discover why being lazy could actually be the ultimate evolutionary strategy.‚Ä¶ https://t.co/HhrOt8wfHV,BBC
207,-0.6705,Sun Jan 14 08:00:02 +0000 2018,0.244,0.756,0.0,More than half a million tonnes of plastic and other untreated waste is dumped into the Ganges each year. https://t.co/fqsGo3x3F9,BBC
208,0.4215,Sat Jan 13 19:30:06 +0000 2018,0.0,0.714,0.286,"Saved by the whale üêã‚ù§Ô∏èÔ∏è

Via @BBCNews https://t.co/qHPJvDmmit",BBC
209,0.5106,Sat Jan 13 19:03:03 +0000 2018,0.0,0.845,0.155,Go behind-the-scenes with @Madonna as she travels the world to perform her new hits and beloved classics. üíñ üé§ üé∂‚Ä¶ https://t.co/RsgmHhA1m7,BBC
210,-0.6597,Sat Jan 13 18:30:03 +0000 2018,0.231,0.769,0.0,"Has a fear of flying shrunk your world? ‚úàÔ∏èüò±

Here are three tips for anyone worried about getting on a plane. https://t.co/hLIyaAseXB",BBC
211,-0.5095,Sat Jan 13 18:00:09 +0000 2018,0.141,0.859,0.0,"London's Marylebone Road &amp; Hyde Park Corner have the most polluted postcodes in Britain. üí®üò∑

How does your area mea‚Ä¶ https://t.co/86YDrw6bLy",BBC
212,0.4939,Sat Jan 13 17:30:07 +0000 2018,0.0,0.862,0.138,"To save Teresa‚Äôs life, doctors are going to have to remove part of her face.

(Warning: This video contains graphic‚Ä¶ https://t.co/FpBTlGZaQe",BBC
213,-0.3182,Sat Jan 13 17:02:01 +0000 2018,0.157,0.697,0.146,Jack has just reached the UK after being rescued from a dog meat farm in South Korea where 2.5m dogs are killed eve‚Ä¶ https://t.co/T5IzeUxMEf,BBC
214,0.2869,Sat Jan 13 16:30:06 +0000 2018,0.0,0.874,0.126,"What am I? ü§î 

Know the answer? See if you can solve these other riddles. üëâ https://t.co/EpDXFLZv93 https://t.co/gMh31MVl5K",BBC
215,0.0,Sat Jan 13 16:00:15 +0000 2018,0.0,1.0,0.0,üåç‚ù§Ô∏èÔ∏è @BBC_Travel gives us 50 reasons to #LoveTheWorld. üëâ https://t.co/DUCHRV07yR https://t.co/UQp3h6sHf2,BBC
216,0.0,Sat Jan 13 15:30:05 +0000 2018,0.0,1.0,0.0,"üçã Italian-style tart with a lemon and cinnamon custard topped with lemony pastry. üòöüëå

See the @HairyBikers' Torta m‚Ä¶ https://t.co/iXhVPCyiLG",BBC
217,0.0,Sat Jan 13 15:22:58 +0000 2018,0.0,1.0,0.0,"RT @BBCR1: Just waiting on that @NiallOfficial and @ShawnMendes collab now üíóüëÄ

https://t.co/WrwoCwK5At",BBC
218,0.6113,Sat Jan 13 15:00:03 +0000 2018,0.0,0.734,0.266,Why are ultra-Orthodox Jewish families so impressed with the Essex seaside? https://t.co/tP0BolKFPz,BBC
219,0.6369,Sat Jan 13 14:00:08 +0000 2018,0.0,0.794,0.206,üßÄü§§ The diverse &amp; exciting cheeses of the world wouldn't exist if humans hadn't learned how to take advantage of mic‚Ä¶ https://t.co/lW4LIm5MB6,BBC
220,0.0,Mon Jan 15 01:00:17 +0000 2018,0.0,1.0,0.0,A bipartisan group of New Jersey elected officials has teamed up to oppose President Trump's offshore drilling prop‚Ä¶ https://t.co/CGFm69CuTg,CNN
221,0.4973,Mon Jan 15 00:56:20 +0000 2018,0.0,0.861,0.139,"""I am the least racist person you have ever interviewed."" 

US President Donald Trump tells reporters he is ""not a‚Ä¶ https://t.co/lVHf3DgznS",CNN
222,-0.4404,Mon Jan 15 00:30:13 +0000 2018,0.146,0.854,0.0,Republican Sen. Jeff Flake of Arizona is expected to deliver a floor speech comparing President Trump's attacks on‚Ä¶ https://t.co/vgFoMBXH6Z,CNN
223,0.1027,Mon Jan 15 00:15:59 +0000 2018,0.125,0.729,0.146,"Passengers swim to safety after fire on casino shuttle boat north of Tampa, Florida https://t.co/cL1r0pLwhh https://t.co/bvSiNqZt64",CNN
224,0.0,Mon Jan 15 00:00:19 +0000 2018,0.0,1.0,0.0,Facebook COO Sheryl Sandberg and Twitter CEO Jack Dorsey are off Disney's board https://t.co/U8ju0MmpcP https://t.co/nupNfNTEpB,CNN
225,0.6209,Sun Jan 14 23:30:19 +0000 2018,0.066,0.701,0.233,"As a citizen of Norway, I can tell you we're not flattered, but offended by President Trump's eagerness to have us‚Ä¶ https://t.co/xfkngzkOJ5",CNN
226,0.1531,Sun Jan 14 23:00:26 +0000 2018,0.0,0.897,0.103,"Republican Rep. Trey Gowdy steps down from the House Ethics Committee, citing ""challenging workload""‚Ä¶ https://t.co/P6KESVqIna",CNN
227,0.4019,Sun Jan 14 22:45:11 +0000 2018,0.0,0.863,0.137,"Former Secretary of State Condoleezza Rice says ""nobody should try to impede"" special counselor Robert Mueller's in‚Ä¶ https://t.co/XJhwoPl8b9",CNN
228,0.5719,Sun Jan 14 22:30:07 +0000 2018,0.0,0.734,0.266,Here is what it was like getting a false missile alert in Hawaii https://t.co/Fdb5p3gkB8 (via @CNNOpinion),CNN
229,-0.4215,Sun Jan 14 22:15:07 +0000 2018,0.26,0.63,0.11,Former President Bill Clinton has denied accusations that his charity used donations for Haiti to pay for his daugh‚Ä¶ https://t.co/QMdhhtwj2s,CNN
230,-0.1779,Sun Jan 14 22:00:22 +0000 2018,0.204,0.637,0.159,What it was like in Hawaii during the missile scare https://t.co/3LvS91y137 https://t.co/g3Cw5D8U0r,CNN
231,0.4939,Sun Jan 14 21:45:11 +0000 2018,0.0,0.856,0.144,"Former Massachusetts Gov. Mitt Romney texted a friend that he plans to run for Senate this year, according to a new‚Ä¶ https://t.co/R8RHd5PGWJ",CNN
232,0.0,Sun Jan 14 21:30:40 +0000 2018,0.0,1.0,0.0,"Bill Murray debuts his Steve Bannon on ""SNL"" https://t.co/t7fEoWSvfv https://t.co/JHHg3LDfMy",CNN
233,0.0,Sun Jan 14 21:15:13 +0000 2018,0.0,1.0,0.0,Ford brings back the Ranger https://t.co/jsXQSDFQkl https://t.co/LpV0jNTNC0,CNN
234,-0.34,Sun Jan 14 21:00:03 +0000 2018,0.112,0.888,0.0,"FCC Chairman Ajit Pai says an investigation into Hawaii's false missile alarm already is showing the state lacked ""‚Ä¶ https://t.co/VRnQ8zSMkN",CNN
235,0.0,Sun Jan 14 20:45:13 +0000 2018,0.0,1.0,0.0,Oil tanker burning in the East China Sea sinks https://t.co/1euEe3p3y3 https://t.co/QUDB7SLb4J,CNN
236,-0.2023,Sun Jan 14 20:30:04 +0000 2018,0.114,0.886,0.0,NBA Hall of Famer Dennis Rodman has been charged with DUI in California https://t.co/SC7WVnV5mv https://t.co/UXDeY8UTdY,CNN
237,0.0,Sun Jan 14 20:15:04 +0000 2018,0.0,1.0,0.0,"""The Handmaid's Tale"" season 2 has a premiere date https://t.co/tsr3hqVPP1 https://t.co/Jfd9dryyZd",CNN
238,0.0,Sun Jan 14 20:00:22 +0000 2018,0.0,1.0,0.0,"Former Secretary of State Condoleezza Rice says North Korean leader Kim Jong Un is ""turning out, much more so than‚Ä¶ https://t.co/IugCXWZdrK",CNN
239,-0.6908,Sun Jan 14 19:45:03 +0000 2018,0.251,0.749,0.0,"Iranian President Hassan Rouhani says President Trump ""failed"" to kill off nuclear deal https://t.co/ie86Cf9DRu https://t.co/a1z7oSG0ln",CNN
240,0.0,Sun Jan 14 22:22:02 +0000 2018,0.0,1.0,0.0,Sen. Tom Cotton joined @FaceTheNation to discuss the immigration debate and the White House's handling of foreign h‚Ä¶ https://t.co/uVoEbWZCle,CBSNews
241,-0.5994,Sun Jan 14 22:02:30 +0000 2018,0.17,0.83,0.0,The death toll in the California mudslides rises to 20 after another body was found during a search on Sunday.‚Ä¶ https://t.co/2KkvWZs2Yx,CBSNews
242,0.0,Sun Jan 14 21:42:30 +0000 2018,0.0,1.0,0.0,WATCH: Vice President Mike Pence and Second lady Karen Pence lay a wreath at the Martin Luther King Jr. Memorial in‚Ä¶ https://t.co/HpAbOrhV3P,CBSNews
243,0.0,Sun Jan 14 21:22:01 +0000 2018,0.0,1.0,0.0,Wake Island: Where America's day really begins (via @CBSSunday) https://t.co/GPySnDSyWU https://t.co/rWtcZILDIr,CBSNews
244,-0.6901,Sun Jan 14 20:42:01 +0000 2018,0.341,0.659,0.0,"FCC chairman Ajit Pai slams ""absolutely unacceptable"" Hawaii missile false alarm https://t.co/yTkPbHRnpc https://t.co/bqICePUA9M",CBSNews
245,-0.7579,Sun Jan 14 20:22:32 +0000 2018,0.245,0.755,0.0,WATCH: Five Axe-wielding thieves break into the Ritz Hotel in Paris and two get away with $5.4 million in stolen go‚Ä¶ https://t.co/JmRSdi1xtA,CBSNews
246,0.1779,Sun Jan 14 20:02:01 +0000 2018,0.071,0.82,0.109,"Sharon Stone's second chance: The Oscar-nominated actress is back, following a serious brain hemorrhage, to star in‚Ä¶ https://t.co/Ovvt9WSfd6",CBSNews
247,-0.2732,Sun Jan 14 19:42:01 +0000 2018,0.152,0.739,0.109,"Death toll from mudslides rises to 20 as recovery crews slowly make progress digging away masses of mud, boulders a‚Ä¶ https://t.co/QGVCrbk6vS",CBSNews
248,-0.296,Sun Jan 14 19:22:00 +0000 2018,0.104,0.896,0.0,"""It was hurtful, it's harmful, it shouldn't have been said, but let's move on,"" Sen. Joe Manchin said on‚Ä¶ https://t.co/gz4EAGBvtQ",CBSNews
249,0.0,Sun Jan 14 19:02:26 +0000 2018,0.0,1.0,0.0,How did this car go airborne and fly through a second story window? https://t.co/CQczupD4m0,CBSNews
250,-0.6705,Sun Jan 14 18:42:01 +0000 2018,0.216,0.784,0.0,"""I didn't hear it, and I was sitting no further away from Donald Trump than Dick Durbin was,"" Sen. Tom Cotton says‚Ä¶ https://t.co/NOwrLcdh5t",CBSNews
251,0.3818,Sun Jan 14 18:22:01 +0000 2018,0.0,0.874,0.126,"Sen. Cory Gardner told @FaceTheNation that the comments were ""unbecoming"" and that he hoped to ""move beyond"" it‚Ä¶ https://t.co/kb98yjUrYC",CBSNews
252,0.0,Sun Jan 14 18:02:01 +0000 2018,0.0,1.0,0.0,Drawing the lines on gerrymandering: @MoRocca on the history and controversy surrounding the re-drawing of politica‚Ä¶ https://t.co/OwrdHEDlNb,CBSNews
253,0.0,Sun Jan 14 17:42:01 +0000 2018,0.0,1.0,0.0,"Oprah Winfrey on ""Time's Up"": Where do we go from here? (via @CBSSunday)
https://t.co/3cgFP79Sfy https://t.co/ZJi03m9zYH",CBSNews
254,0.3535,Sun Jan 14 17:22:01 +0000 2018,0.073,0.782,0.145,"POLL: On the issues looming now, most Americans - 70% - favor DACA. Among President Trump's backers, a slim majorit‚Ä¶ https://t.co/9tUVpsbLas",CBSNews
255,0.2023,Sun Jan 14 17:02:38 +0000 2018,0.0,0.917,0.083,Two drivers found themselves sitting on top of their cars as 7 feet of water engulfed their vehicles after trying t‚Ä¶ https://t.co/37gX87ppMa,CBSNews
256,0.0,Sun Jan 14 16:42:01 +0000 2018,0.0,1.0,0.0,"Almanac: ""Elvis: Aloha from Hawaii via Satellite"" (via @CBSSunday) https://t.co/HxFUnhSZhi https://t.co/iCOpn8Qxa7",CBSNews
257,0.4215,Sun Jan 14 16:22:38 +0000 2018,0.0,0.877,0.123,WATCH: 21 crew members on board a bulk freighter were airlifted to safety after their ship collided with an oil tan‚Ä¶ https://t.co/LNnOkRiEMB,CBSNews
258,-0.6597,Sun Jan 14 16:02:01 +0000 2018,0.239,0.761,0.0,"Magnitude 7.1 earthquake hits off Pacific coast of Peru, killing at least 1 person https://t.co/YvlLorUaMK https://t.co/SbOSXEl1vX",CBSNews
259,-0.1686,Sun Jan 14 15:42:02 +0000 2018,0.127,0.774,0.1,"One year into Donald Trump's presidency, Americans feel more positive about the economy but not as good about the s‚Ä¶ https://t.co/ftyV4dKCXm",CBSNews
260,-0.1154,Mon Jan 15 02:19:36 +0000 2018,0.083,0.854,0.063,".@jasoninthehouse on DACA: ""I do think think we can actually solve these problems but the Democrats have gotta be t‚Ä¶ https://t.co/WjiGLFq48e",FoxNews
261,-0.7845,Mon Jan 15 02:17:02 +0000 2018,0.33,0.67,0.0,.@realDonaldTrump denied claims that he's a racist following allegations of a vulgar comment that lawmakers said he‚Ä¶ https://t.co/BXbV7lYAGA,FoxNews
262,0.0,Mon Jan 15 02:16:44 +0000 2018,0.0,1.0,0.0,".@jasoninthehouse: ""The fact that [@POTUS] is actually talking about [DACA] and the Democrats don't even wanna show‚Ä¶ https://t.co/8WXJmMPLTQ",FoxNews
263,0.5423,Mon Jan 15 02:09:22 +0000 2018,0.0,0.769,0.231,".@LisaMarieBoothe on DACA: ""Democrats and [@POTUS] are pretty far apart about what they want to accomplish.""‚Ä¶ https://t.co/NI1ORHba65",FoxNews
264,-0.3818,Mon Jan 15 02:07:00 +0000 2018,0.224,0.776,0.0,Minnesota Vikings shock New Orleans Saints with final-play TD https://t.co/bdbAPyi6d9,FoxNews
265,-0.6705,Mon Jan 15 02:05:34 +0000 2018,0.333,0.667,0.0,"Aziz Ansari responds to accusation of sexual harassment by NYC woman, 23 https://t.co/UO4X2TcGei",FoxNews
266,0.5719,Mon Jan 15 01:35:32 +0000 2018,0.0,0.802,0.198,"Civil Rights Attorney Leo Terrell: ""Middle America loves @Oprah, and that's Donald #Trump's biggest fear.""‚Ä¶ https://t.co/JPAwGvUyTh",FoxNews
267,0.6908,Mon Jan 15 01:34:01 +0000 2018,0.0,0.759,0.241,".@RedPillBlack: ""I don't think the Democratic Party cares so much what [@Oprah] knows, they think about what she re‚Ä¶ https://t.co/Ljg0gXHGvc",FoxNews
268,0.4585,Mon Jan 15 01:29:05 +0000 2018,0.074,0.73,0.196,".@POTUS says Dems don't want to make DACA deal, adds he's 'not a racist' https://t.co/fazwUGaT6N",FoxNews
269,-0.0516,Mon Jan 15 01:28:10 +0000 2018,0.145,0.723,0.133,Jim Carrey and other stars share updates from Hawaii following ballistic-missile false alarm https://t.co/KSNTUmFT0R,FoxNews
270,0.0,Mon Jan 15 01:27:33 +0000 2018,0.0,1.0,0.0,"Civil Rights Attorney Leo Terrell: ""@Oprah has likability. In the last 24 hours, Donald #Trump doesn't have that. T‚Ä¶ https://t.co/bLskyWYGO7",FoxNews
271,0.2598,Mon Jan 15 01:19:16 +0000 2018,0.0,0.898,0.102,"OPINION: Baby steps, America. The 'but so-and-so did it first!' defense is for toddlers, not national discourse (vi‚Ä¶ https://t.co/p7SeibPV3G",FoxNews
272,0.0,Mon Jan 15 01:15:05 +0000 2018,0.0,1.0,0.0,Canada's Trudeau: 'Removing Access to Abortion' Not In Line With Society https://t.co/IluBxuncVS,FoxNews
273,0.0,Mon Jan 15 01:12:35 +0000 2018,0.0,1.0,0.0,University to review appearance by @benshapiro https://t.co/yCReTZKZWn,FoxNews
274,0.6124,Mon Jan 15 01:07:46 +0000 2018,0.0,0.789,0.211,".@GaryKaltbaum: ""This whole tax thing has been not just a home run, but a grand slam."" https://t.co/VDfTaaDh50 https://t.co/LGawc1qnBI",FoxNews
275,-0.3182,Mon Jan 15 01:03:43 +0000 2018,0.192,0.72,0.088,Casino boat catches fire off Florida with 50 passengers aboard https://t.co/cvTRuWVaoe,FoxNews
276,0.0,Mon Jan 15 00:51:50 +0000 2018,0.0,1.0,0.0,"Moments ago, President @realDonaldTrump answered reporter questions about DACA as a government shutdown looms.‚Ä¶ https://t.co/fXSBPIvUjU",FoxNews
277,-0.4767,Mon Jan 15 00:35:00 +0000 2018,0.256,0.744,0.0,"Colorado nurse, 20, dies in bungee jumping accident https://t.co/IJQiEwGB96 #FoxNewsUS",FoxNews
278,0.8519,Mon Jan 15 00:22:20 +0000 2018,0.0,0.593,0.407,"RT @EricShawnTV: ""We thank President Trump,""say #IranProtesters, who praise the American public for their support.  Here's my exclusive wit‚Ä¶",FoxNews
279,0.0,Mon Jan 15 00:21:19 +0000 2018,0.0,1.0,0.0,".@POTUS: ""The folks from DACA should know the Democrats are the ones that aren't going to make a deal.""‚Ä¶ https://t.co/HdDOBtYCWc",FoxNews
280,-0.0516,Mon Jan 15 00:20:30 +0000 2018,0.199,0.616,0.185,"Missouri‚Äôs Combative Governor, Deep in Scandal, Puts on the Charm https://t.co/VFpPcoDS4l",nytimes
281,-0.0516,Mon Jan 15 00:18:48 +0000 2018,0.106,0.796,0.097,What does the false missile alert in Hawaii tell us about these government-run warning systems? That they need majo‚Ä¶ https://t.co/UDeoSKSwC4,nytimes
282,0.0,Mon Jan 15 00:00:20 +0000 2018,0.0,1.0,0.0,A Republican senator who was at the White House immigration meeting said President Trump did not use a vulgarity to‚Ä¶ https://t.co/rGfKAmEWbl,nytimes
283,0.0,Sun Jan 14 23:35:56 +0000 2018,0.0,1.0,0.0,Op-Ed Contributor: How the Other Half Lives in Iran https://t.co/X6m7ZC5XTP,nytimes
284,0.0,Sun Jan 14 23:30:28 +0000 2018,0.0,1.0,0.0,RT @nytopinion: President Trump's actions break with years of American nuclear policy. They also make it harder to persuade other nations t‚Ä¶,nytimes
285,-0.5106,Sun Jan 14 23:09:05 +0000 2018,0.264,0.613,0.123,Darren Criss Plays the Happy-Go-Lucky Killer in the Versace TV Drama https://t.co/PuXylc9q3N,nytimes
286,-0.4767,Sun Jan 14 23:00:27 +0000 2018,0.256,0.744,0.0,"In some countries, Facebook‚Äôs fiddling has magnified fake news https://t.co/Wve2NysTcL",nytimes
287,0.0,Sun Jan 14 22:33:02 +0000 2018,0.0,1.0,0.0,"Video: A plane trying to land in Turkey made a heart-stopping skid off a runway, ending up feet from the Black Sea https://t.co/AAIn0KNDLt",nytimes
288,0.4588,Sun Jan 14 22:06:15 +0000 2018,0.0,0.765,0.235,"Jaguars 45, Steelers 42 | Divisional round: Jaguars Stun Steelers to Reach A.F.C. Championship Game https://t.co/Oib9KNWqS1",nytimes
289,0.0,Sun Jan 14 22:00:23 +0000 2018,0.0,1.0,0.0,"In 1968, The Beatles trudged through dense forest to an ashram in India, where they spent weeks writing songs. The‚Ä¶ https://t.co/4qS0piKNqA",nytimes
290,-0.6529,Sun Jan 14 21:45:50 +0000 2018,0.289,0.633,0.078,"""The risk of accidental nuclear war is not hypothetical ‚Äî accidents have happened in the past, and humans will err‚Ä¶ https://t.co/bdUCvziesG",nytimes
291,0.0,Sun Jan 14 21:28:39 +0000 2018,0.0,1.0,0.0,"""SNL"" took aim at ""Morning Joe,"" with Bill Murray as Stephen Bannon and Fred Armisen as Michael Wolff https://t.co/CEFnI9EeMJ",nytimes
292,0.2023,Sun Jan 14 21:10:06 +0000 2018,0.109,0.743,0.149,"An unspectacular week at the box office led ""Jumanji: Welcome to the Jungle"" back to No. 1 https://t.co/X1g2x0lEiQ",nytimes
293,0.7845,Sun Jan 14 21:00:04 +0000 2018,0.0,0.683,0.317,"""It‚Äôs remarkable how well it has eased my twitchy phone checking."" A small group of people have turned their phone‚Ä¶ https://t.co/VFsnM5ajbG",nytimes
294,0.0,Sun Jan 14 20:43:04 +0000 2018,0.0,1.0,0.0,"He's being called ""frost boy."" But the image of an 8-year-old with icicles in his hair who trekked miles to school‚Ä¶ https://t.co/jNM6ZqNlwb",nytimes
295,-0.4215,Sun Jan 14 20:30:11 +0000 2018,0.123,0.877,0.0,"RT @nytopinion: Immigrants are more likely to be fleeing dysfunctions and prejudices than they are to be bringing them, writes @BretStephen‚Ä¶",nytimes
296,-0.25,Sun Jan 14 20:14:09 +0000 2018,0.121,0.795,0.083,"She left France to join Islamic militants in Syria, and now with the collapse of ISIS wants to return. But can she? https://t.co/IRd249fhaT",nytimes
297,0.0,Sun Jan 14 20:00:28 +0000 2018,0.0,1.0,0.0,"DACA participants can again apply for renewal of protection, the U.S. immigration agency said https://t.co/jBcr0G8Lfa",nytimes
298,-0.5994,Sun Jan 14 19:47:04 +0000 2018,0.157,0.843,0.0,"The death toll in the mudslides that buried parts of Montecito in muck and boulders has risen to 20, officials said https://t.co/hL9kMaAtAT",nytimes
299,0.4588,Sun Jan 14 19:31:03 +0000 2018,0.133,0.6,0.267,"""I 100% support the fight for fair pay and I'm donating the $1.5M to the Time's Up Legal Defense Fund in Michelle W‚Ä¶ https://t.co/5yYYqjR0I7",nytimes
300,0.2263,Sat Jan 13 13:30:06 +0000 2018,0.088,0.783,0.129,"üëë The astonishing true story of the first reigning queen of England.

England's Forgotten Queen: The Life and Death‚Ä¶ https://t.co/oDz4dZZvY4",BBC
301,0.4939,Sat Jan 13 13:03:07 +0000 2018,0.0,0.862,0.138,Take a look at these incredible photos of snow and ice sculptures at the Harbin Ice and Snow Sculpture festival. üòç‚Ä¶ https://t.co/ywjmdXZWa5,BBC
302,0.0,Sat Jan 13 12:31:04 +0000 2018,0.0,1.0,0.0,Were you a regular at the cinema in 2017? Test your knowledge of the year‚Äôs biggest films üéü üé¨‚Ä¶ https://t.co/Da6bBxe7On,BBC
303,0.0,Sat Jan 13 12:00:07 +0000 2018,0.0,1.0,0.0,Four of the biggest global health stories to follow in 2018. üè• https://t.co/j47eCWOmGG,BBC
304,0.0,Sat Jan 13 11:32:04 +0000 2018,0.0,1.0,0.0,"‚ö° Scientists are always looking for new ways to provide power. 

Find out about some of the more unusual ones...‚Ä¶ https://t.co/kCxfbdt3QI",BBC
305,0.4215,Sat Jan 13 11:04:03 +0000 2018,0.123,0.636,0.242,Gas engineer James Gibson spends up to four hours creating mud masterpieces on dirty white vans. üöö üé®‚Ä¶ https://t.co/MNtk4ajFnd,BBC
306,0.8176,Sat Jan 13 10:56:02 +0000 2018,0.0,0.712,0.288,"RT @BBCRadio2: LISTEN ‚ñ∂Ô∏è @ericclapton: ""I felt like Buddy Guy &amp; BB King looked on me as a musical equal, which was a huge honour""
https://t‚Ä¶",BBC
307,0.5574,Sat Jan 13 10:29:02 +0000 2018,0.077,0.714,0.209,Why rising sea temperatures are turning turtles female in parts of the Great Barrier Reef. üê¢ https://t.co/JmuhPWZdD2,BBC
308,-0.6908,Sat Jan 13 10:00:04 +0000 2018,0.37,0.63,0.0,Arya Stark‚Äôs kill list gets an update üòØ #TheGNShow https://t.co/mJbr6h86EN,BBC
309,0.5994,Sat Jan 13 09:30:04 +0000 2018,0.0,0.769,0.231,Super Blue Blood Moon: What is it and can I see it? üåùüëÄ https://t.co/Xb9ACCL62q https://t.co/uc95INWIAM,BBC
310,0.0,Sat Jan 13 09:08:49 +0000 2018,0.0,1.0,0.0,"RT @BBCSport: History.

Saudi Arabia has allowed women to spectate at a football match for the first time.

https://t.co/gHwc7aQDGg https:/‚Ä¶",BBC
311,0.4588,Sat Jan 13 09:00:06 +0000 2018,0.0,0.692,0.308,#TheLeagueOfGentlemen's @MarkGatiss shares his top cultural picks with @BBCRadio4. üëâ https://t.co/2PeZ2yNGo2 https://t.co/QiJV1YI6p1,BBC
312,0.0,Sat Jan 13 08:30:07 +0000 2018,0.0,1.0,0.0,Another step closer to Marty McFly‚Äôs hoverboard.. üèÇ https://t.co/mQEKXirCqz,BBC
313,-0.0258,Sat Jan 13 07:33:04 +0000 2018,0.24,0.524,0.236,These adorable alpacas are helping people to recover from illness and injury in Lincolnshire. üòç‚Ä¶ https://t.co/dgXtqRQMKI,BBC
314,-0.7845,Fri Jan 12 19:33:04 +0000 2018,0.535,0.465,0.0,The day I accidentally killed a little boy. https://t.co/QvHrUFLJic https://t.co/r3YCMYGeDs,BBC
315,-0.7506,Fri Jan 12 19:00:07 +0000 2018,0.348,0.652,0.0,"In the endless winter night, terrifying monsters haunt Iceland's caves and mountains. üò±üëπ https://t.co/cwZdBQGjct",BBC
316,-0.4404,Fri Jan 12 18:33:03 +0000 2018,0.182,0.818,0.0,"Tonight, @CharltonBrooker, @ScarlettMoffatt and @Pearlie_mack talk pet hates and peeves. üôÖ

#Room101 | 8:30pm |‚Ä¶ https://t.co/3ydAdVcULC",BBC
317,0.4404,Fri Jan 12 17:58:03 +0000 2018,0.0,0.854,0.146,"'Kids are easy to manage... you just lie to them.' üòÇ

@SindhuVFunny on how to raise children. üëâ‚Ä¶ https://t.co/QZuCvxhQr2",BBC
318,0.0,Fri Jan 12 17:30:07 +0000 2018,0.0,1.0,0.0,"Errs
Yer
Dinner

On the table in just minutes üòÇ
https://t.co/BDG2qj8QGf",BBC
319,0.0,Fri Jan 12 17:00:05 +0000 2018,0.0,1.0,0.0,Astronomers have caught a massive black hole letting out a 'double burp' after bingeing on hot gas.‚Ä¶ https://t.co/kvjvjFcO41,BBC
320,-0.7579,Sun Jan 14 19:30:12 +0000 2018,0.302,0.698,0.0,At least 20 people are dead and others still are missing after mudslides in Southern California‚Ä¶ https://t.co/U41PcnfZht,CNN
321,-0.2263,Sun Jan 14 19:15:03 +0000 2018,0.16,0.84,0.0,Tunisia plans social reforms in the wake of protests https://t.co/uTraFXWzLL https://t.co/wQmR2eFtbR,CNN
322,-0.0772,Sun Jan 14 19:00:12 +0000 2018,0.157,0.843,0.0,A deadly earthquake has shaken southern Peru https://t.co/f8ViS6UPT5 https://t.co/s8A2ivDlAD,CNN
323,-0.4939,Sun Jan 14 18:45:08 +0000 2018,0.151,0.849,0.0,The Israeli military says it has destroyed a mile-long tunnel that stretched from Gaza under Israel and into Egypt‚Ä¶ https://t.co/LG3UgVMfc6,CNN
324,0.0,Sun Jan 14 18:30:06 +0000 2018,0.0,1.0,0.0,He's from El Salvador. They're American. President Trump could separate them. https://t.co/OvJP8k1bHU https://t.co/rRQ6ri7xdS,CNN
325,0.717,Sun Jan 14 18:15:08 +0000 2018,0.0,0.685,0.315,"Don't be fooled. Wall Street, not Main Street, is the big tax winner. https://t.co/zk9AqIAUDQ https://t.co/S3ukij0Cpr",CNN
326,0.0,Sun Jan 14 18:00:18 +0000 2018,0.0,1.0,0.0,"Bobby Zarin, the husband of former ""The Real Housewives of New York City"" cast member, dies at 71‚Ä¶ https://t.co/AwSDzy82zA",CNN
327,-0.34,Sun Jan 14 17:46:46 +0000 2018,0.146,0.854,0.0,"Democratic Rep. Tulsi Gabbard says the false ballistic missile warning in Hawaii was ""unacceptable""‚Ä¶ https://t.co/kHHpFrh498",CNN
328,-0.6486,Sun Jan 14 17:30:09 +0000 2018,0.323,0.677,0.0,"President Trump tweets that ""DACA is probably dead"" https://t.co/S3ltZk6F8Z https://t.co/vPh2oQy8gL",CNN
329,-0.4588,Sun Jan 14 17:15:05 +0000 2018,0.158,0.842,0.0,The White House has attacked the Wall Street Journal over an interview with President Trump https://t.co/i29jaWA1IA https://t.co/YJozfX2soe,CNN
330,0.0,Sun Jan 14 17:00:12 +0000 2018,0.0,1.0,0.0,"Republican Sen. David Perdue says President Trump didn't use the phrase ""shithole countries"" during a meeting with‚Ä¶ https://t.co/OEefLfAHVy",CNN
331,0.3612,Sun Jan 14 16:46:53 +0000 2018,0.0,0.884,0.116,"""[President Trump has] to understand this is a grown-up job, and he's got to start acting like it."" Former Virginia‚Ä¶ https://t.co/exca8uuMDt",CNN
332,0.0,Sun Jan 14 16:30:05 +0000 2018,0.0,1.0,0.0,"Democratic Rep. John Lewis calls President Trump ""racist"" and says he won't vote on government funding without DACA‚Ä¶ https://t.co/mLplHlthib",CNN
333,0.4404,Sun Jan 14 16:15:06 +0000 2018,0.0,0.813,0.187,"It's important for news audiences to hear certain words in association with President Trump, writes Jeff Yang for‚Ä¶ https://t.co/mpxMdRieqd",CNN
334,0.4588,Sun Jan 14 16:02:41 +0000 2018,0.098,0.714,0.188,"""I can't defend the indefensible."" Republican Rep. Mia Love, the first Haitian-American elected to Congress, says P‚Ä¶ https://t.co/yPnwiMz2Ib",CNN
335,-0.1531,Sun Jan 14 15:48:19 +0000 2018,0.082,0.918,0.0,".@FareedZakaria on Trump: ""We appear to have returned to the 1920s. An era of unrestrained capitalism, giddy market‚Ä¶ https://t.co/WzxflpapIp",CNN
336,0.0772,Sun Jan 14 14:54:58 +0000 2018,0.0,0.925,0.075,".@jaketapper: Are you going to challenge Trump in 2020?

@TerryMcAuliffe: ‚ÄúI‚Äôm doing a big project on redistricting‚Ä¶ https://t.co/B2ON5LxZRJ",CNN
337,0.34,Sun Jan 14 14:46:59 +0000 2018,0.0,0.862,0.138,".@jaketapper: ‚ÄúDo you think President Trump is a racist?‚Äù

Former Virginia Gov. @TerryMcAuliffe: ‚ÄúI certainly think‚Ä¶ https://t.co/yIqzFvlA0k",CNN
338,-0.5267,Sun Jan 14 14:46:44 +0000 2018,0.185,0.815,0.0,"Former Virginia Gov. Terry McAuliffe on President Trump‚Äôs immigration comments: ‚ÄúDisgraceful, disgusting. He just c‚Ä¶ https://t.co/RGOEtY7wRR",CNN
339,-0.3182,Sun Jan 14 14:46:06 +0000 2018,0.176,0.705,0.119,".@jaketapper: ‚ÄúWere the comments racist, do you think?‚Äù

@RepMiaLove: ‚ÄúWell, I think they were, yes. I think they w‚Ä¶ https://t.co/VQfIAJKYoR",CNN
340,0.4404,Sun Jan 14 15:22:24 +0000 2018,0.0,0.884,0.116,"This couple made good on their New Year's resolution to ""live in the moment"" when they pulled over on their way hom‚Ä¶ https://t.co/WpuNKbO9gf",CBSNews
341,0.0,Sun Jan 14 15:02:39 +0000 2018,0.0,1.0,0.0,An airplane dangled precariously off a muddy cliff with its nose only a few feet from the Black Sea after skidding‚Ä¶ https://t.co/skg62YX7UH,CBSNews
342,0.0,Sun Jan 14 14:42:01 +0000 2018,0.0,1.0,0.0,An airplane  skidded off a runway after landing in northern Turkey and dangled precariously off a muddy cliff with‚Ä¶ https://t.co/509jsHceLo,CBSNews
343,-0.3506,Sun Jan 14 14:22:01 +0000 2018,0.1,0.9,0.0,Death toll from the Southern California mudslides rose to 19 on Saturday but a man who had also been on the list of‚Ä¶ https://t.co/JhNkyAHY0n,CBSNews
344,0.0,Sun Jan 14 14:03:05 +0000 2018,0.0,1.0,0.0,"Bill Cosby: ""Don't put me on #MeToo"" https://t.co/BusCBZMIuU https://t.co/baoj9AxgBh",CBSNews
345,-0.3182,Sun Jan 14 13:48:05 +0000 2018,0.201,0.67,0.128,"Doreen Tracey, one of the original Disney Mouseketeers, has died at 74 https://t.co/DnE7beprHW https://t.co/Au0jTxwI18",CBSNews
346,0.0,Sun Jan 14 13:33:09 +0000 2018,0.0,1.0,0.0,Chelsea Manning files to run for Senate in Maryland https://t.co/yVuzVEFGNP https://t.co/Db7UzJSQFG,CBSNews
347,-0.3818,Sun Jan 14 13:18:05 +0000 2018,0.224,0.776,0.0,2018 flu season appears to hit deadly peak https://t.co/bzLnii2DoX https://t.co/Nlc6lKopjN,CBSNews
348,-0.296,Sun Jan 14 13:03:05 +0000 2018,0.196,0.804,0.0,Missouri Gov. Eric Greitens accused of slapping mistress https://t.co/1r62UQlZ0z https://t.co/EaZZZjexQE,CBSNews
349,0.0,Sun Jan 14 12:48:05 +0000 2018,0.0,1.0,0.0,H&amp;M stores in South Africa stormed over monkey hoodie https://t.co/W7KuxYkD6G https://t.co/BH1l82QFt6,CBSNews
350,0.0,Sun Jan 14 12:33:05 +0000 2018,0.0,1.0,0.0,Is your local Sam's Club closing? Check the reported closures list https://t.co/WQAxoofB8I https://t.co/aKsedcSEyW,CBSNews
351,-0.6124,Sun Jan 14 12:18:08 +0000 2018,0.267,0.733,0.0,"African ambassadors to U.N. call President Trump's remark ""outrageous, racist"" https://t.co/sLtzXfGMxp https://t.co/ePIozIuVhc",CBSNews
352,-0.9246,Sun Jan 14 12:03:05 +0000 2018,0.488,0.512,0.0,"Report: Killing of girl found burned called ""worst child death case"" Michigan has seen https://t.co/HYmoz26uBh https://t.co/adhnnksOL8",CBSNews
353,-0.0516,Sun Jan 14 11:48:05 +0000 2018,0.154,0.705,0.141,Hawaii missile alert: FCC launches investigation into false ballistic missile warning https://t.co/ElCIQHtDSx https://t.co/yRNqWDhKxG,CBSNews
354,-0.1531,Sun Jan 14 11:33:09 +0000 2018,0.127,0.873,0.0,Car passenger dies while stopping along Texas highway to urinate https://t.co/5ZQlO6Hpr8 https://t.co/MLpjG4eXhK,CBSNews
355,0.1027,Sun Jan 14 11:18:08 +0000 2018,0.162,0.649,0.188,"Man who aided disoriented patient says ""she's doing a lot better"" https://t.co/1Qu0iO4pW5 https://t.co/9iqjaDacRs",CBSNews
356,-0.5574,Sun Jan 14 11:03:05 +0000 2018,0.365,0.635,0.0,"President Trump cancels London trip, blames Obama administration https://t.co/f89KG3ujhd https://t.co/ACzfFDJNyT",CBSNews
357,-0.4588,Sun Jan 14 10:48:05 +0000 2018,0.25,0.75,0.0,"Frustrations, dark discoveries mount for California mudslide town https://t.co/8HMjguLU5c https://t.co/BxDjj7YVBv",CBSNews
358,0.296,Sun Jan 14 10:33:05 +0000 2018,0.0,0.833,0.167,Former U.S. Postal Service worker admits burning mail for months https://t.co/WwaDYvGk1P https://t.co/DSc8EgxfLt,CBSNews
359,-0.7579,Sun Jan 14 10:18:08 +0000 2018,0.484,0.516,0.0,"Suspect in fatal ""SWATting"" call charged with involuntary manslaughter https://t.co/TsMTi8GiCC https://t.co/w6csyZuNqq",CBSNews
360,0.3612,Mon Jan 15 00:19:40 +0000 2018,0.0,0.815,0.185,".@POTUS: ""We're ready, willing and able to make a deal on DACA."" https://t.co/DAb1fmVnvw",FoxNews
361,0.128,Mon Jan 15 00:09:14 +0000 2018,0.0,0.914,0.086,"Defense Attorney Robert Schalk on possible #Trump interview with Mueller: ""[@POTUS] could be opening himself up...t‚Ä¶ https://t.co/5FHthYxRfG",FoxNews
362,-0.4588,Mon Jan 15 00:08:28 +0000 2018,0.25,0.75,0.0,".@POTUS criticizes Democrats over DACA as government shutdown looms, Phil Keating reports. https://t.co/JejH8Wa6XM https://t.co/nyNRSCFSLt",FoxNews
363,-0.4404,Sun Jan 14 23:58:50 +0000 2018,0.292,0.564,0.144,Eliza Dushku: 'True Lies' stunt coordinator Joel Kramer molested me when I was 12 https://t.co/suuRJ89MXV,FoxNews
364,-0.25,Sun Jan 14 23:56:22 +0000 2018,0.1,0.9,0.0,".@gen_jackkeane on talks between North Korea and South Korea: ""We need to have some skepticism about these negotiat‚Ä¶ https://t.co/3xGbT3o8CW",FoxNews
365,0.4019,Sun Jan 14 23:53:24 +0000 2018,0.0,0.886,0.114,"RT @FoxNewsResearch: World‚Äôs Largest Active Armed Forces:
1. China: 2.3 million
2. India: 1.4 million
3. U.S.: 1.3 million
4. North Korea:‚Ä¶",FoxNews
366,0.395,Sun Jan 14 23:50:40 +0000 2018,0.0,0.78,0.22,Liam Neeson believes gender wage gap is 'disgraceful' but will not take a pay cut https://t.co/oFDyM5O7vD,FoxNews
367,-0.8519,Sun Jan 14 23:50:40 +0000 2018,0.383,0.617,0.0,".@gen_jackkeane on Hawaii's false missile threat: ""They made a mistake here and they [have] a bad system. They [hav‚Ä¶ https://t.co/nCTNAdtS6m",FoxNews
368,0.0,Sun Jan 14 23:46:37 +0000 2018,0.0,1.0,0.0,".@gen_jackkeane: ""We have the capacity to track any missile launch, any place in the world, through our satellites‚Ä¶ https://t.co/j6IA3W2r5f",FoxNews
369,0.0772,Sun Jan 14 23:43:34 +0000 2018,0.0,0.933,0.067,OPINION: Want to live longer? The US system of free-market investment in cures is the answer (via @FoxNewsOpinion) https://t.co/mbJUyAUvyw,FoxNews
370,-0.5423,Sun Jan 14 23:36:50 +0000 2018,0.293,0.637,0.07,Casino boat catches fire off Florida with 50 passengers aboard; 1 reported missing https://t.co/yWlg0XX9j5,FoxNews
371,0.5106,Sun Jan 14 23:35:20 +0000 2018,0.111,0.585,0.304,"Anti-government protesters in Iran thank President #Trump for his support, @EricShawnTV reports.‚Ä¶ https://t.co/Fdk9huX1ZA",FoxNews
372,-0.8625,Sun Jan 14 23:31:25 +0000 2018,0.49,0.51,0.0,Hawaii's false missile threat: Worker 'feels terrible' after pushing the wrong button https://t.co/HW0WY2Eyhm,FoxNews
373,0.507,Sun Jan 14 23:28:59 +0000 2018,0.0,0.821,0.179,".@akarl_smith: ""Immigration is really #Trump's signature issue, so any acceptance by him on a bipartisan deal...he‚Ä¶ https://t.co/wBeWtP3dDm",FoxNews
374,-0.7003,Sun Jan 14 23:17:32 +0000 2018,0.309,0.691,0.0,Hawaii false alarm raises concerns over U.S. preparedness in case of a real threat https://t.co/qJu9Jmyz66 https://t.co/oZ634ELLij,FoxNews
375,0.0,Sun Jan 14 23:14:12 +0000 2018,0.0,1.0,0.0,".@VP laid a wreath at the Martin Luther King, Jr. National Memorial with Second Lady Karen Pence ahead of #MLK Day. https://t.co/OS7FHGrpVf",FoxNews
376,0.0,Sun Jan 14 23:11:39 +0000 2018,0.0,1.0,0.0,"Actress Ashley Judd commends Franco's 'culpability,' calls it 'terrific' https://t.co/7aiO6BgTKx",FoxNews
377,0.0,Sun Jan 14 22:52:01 +0000 2018,0.0,1.0,0.0,"'Deplorable' NYU prof sues university, colleagues for defamation https://t.co/zErxOgzLiI",FoxNews
378,-0.4767,Sun Jan 14 22:42:31 +0000 2018,0.193,0.807,0.0,"2 women arrested after Texas apartment meth lab explodes with child inside, police say https://t.co/m3ieBUo0h2",FoxNews
379,0.34,Sun Jan 14 22:34:54 +0000 2018,0.0,0.888,0.112,".@RajShah45: ""@POTUS wants to see real border security. He wants to see movement on chain migration and ending the‚Ä¶ https://t.co/Po6mwXrx8q",FoxNews
380,0.7269,Sun Jan 14 19:31:02 +0000 2018,0.0,0.717,0.283,"""I'm ready for crypto assets to go down 90 percent. I'll feel better then, I think. This has been too insane."" https://t.co/YKDQpv2e7j",nytimes
381,0.0,Sun Jan 14 19:13:03 +0000 2018,0.0,1.0,0.0,Your Sunday playlist has arrived https://t.co/aW6xfGiPgg,nytimes
382,0.6369,Sun Jan 14 19:00:21 +0000 2018,0.0,0.802,0.198,"""I love working out so much that I belong to two gyms."" How 50 Cent spends his Sundays: https://t.co/VIJ18SsKIY",nytimes
383,0.0,Sun Jan 14 18:44:03 +0000 2018,0.0,1.0,0.0,"Investigators said that the Las Vegas gunman used anonymous communications devices, including a prepaid cellphone,‚Ä¶ https://t.co/nafEGnB7fi",nytimes
384,-0.0516,Sun Jan 14 18:31:05 +0000 2018,0.106,0.796,0.097,What does the false missile alert in Hawaii tell us about these government-run warning systems? That they need majo‚Ä¶ https://t.co/FTEqVxrEm5,nytimes
385,0.0,Sun Jan 14 18:20:08 +0000 2018,0.0,1.0,0.0,"President Trump has been known to refer to Ronna McDaniel as ""my Romney"" https://t.co/zyd9R2chkl",nytimes
386,0.0,Sun Jan 14 18:10:06 +0000 2018,0.0,1.0,0.0,"Chelsea Manning filed to run for Senate in Maryland, according to federal election filings https://t.co/sPlt4U5MJF",nytimes
387,-0.8555,Sun Jan 14 18:00:06 +0000 2018,0.461,0.539,0.0,"David Perdue said Dick Durbin's account of President Trump's language was a ""gross misrepresentation"" https://t.co/8EoPHPzzrz",nytimes
388,0.0,Sun Jan 14 17:45:09 +0000 2018,0.0,1.0,0.0,"A former Steeler's CTE diagnosis led to a $1 billion settlement for retired players, but a technicality has left hi‚Ä¶ https://t.co/ezbbd4vUBE",nytimes
389,-0.2782,Sun Jan 14 17:30:24 +0000 2018,0.136,0.767,0.097,"""We fully felt like we were about to die. I drove to try to get to my kids even though I knew I probably wouldn't m‚Ä¶ https://t.co/lpp0Sehj5O",nytimes
390,-0.6705,Sun Jan 14 17:15:04 +0000 2018,0.274,0.614,0.112,A group in northwestern Africa that is loyal to ISIS claimed responsibility for the attack in Niger that killed 4 A‚Ä¶ https://t.co/ckgxpfDebz,nytimes
391,0.0,Sun Jan 14 17:00:24 +0000 2018,0.0,1.0,0.0,Opinion: Is there life after liberalism? https://t.co/L4DBqnbECw,nytimes
392,0.2263,Sun Jan 14 16:46:04 +0000 2018,0.117,0.769,0.113,"The first time cutting season came around, Nice Leng‚Äôete and her sister ran away and hid in a tree. The second time‚Ä¶ https://t.co/eUlj16WnT4",nytimes
393,0.1154,Sun Jan 14 16:40:07 +0000 2018,0.201,0.574,0.225,"""I'm running,"" Mitt Romney says privately, but as a Trump friend or foe? https://t.co/PMBo6AWzYv",nytimes
394,-0.296,Sun Jan 14 16:31:03 +0000 2018,0.109,0.891,0.0,President Trump accused The Wall Street Journal of purposely misquoting him. The Journal responded by posting an au‚Ä¶ https://t.co/pcKo0BO4Fv,nytimes
395,0.0,Sun Jan 14 16:15:14 +0000 2018,0.0,1.0,0.0,"""We swerved all of a sudden. The front of the plane crashed and the back was in the air. Everyone panicked."" https://t.co/XWkKBlsktK",nytimes
396,0.0,Sun Jan 14 16:00:19 +0000 2018,0.0,1.0,0.0,Afghan officials said that meetings were underway in Turkey between their government and representatives of the Tal‚Ä¶ https://t.co/fjfszdHUH1,nytimes
397,0.0,Sun Jan 14 15:45:09 +0000 2018,0.0,1.0,0.0,"""SNL"" took aim at ""Morning Joe,"" with Bill Murray as Stephen Bannon and Fred Armisen as Michael Wolff https://t.co/B6E1qzAffx",nytimes
398,-0.6529,Sun Jan 14 15:30:14 +0000 2018,0.289,0.633,0.078,"""The risk of accidental nuclear war is not hypothetical ‚Äî accidents have happened in the past, and humans will err‚Ä¶ https://t.co/AXGCDpnjeV",nytimes
399,0.0,Sun Jan 14 15:15:07 +0000 2018,0.0,1.0,0.0,Dolphins show self-recognition earlier than children https://t.co/JhRYEGnz87,nytimes
400,0.0,Fri Jan 12 16:40:51 +0000 2018,0.0,1.0,0.0,Where does the money go from the 5p plastic bag charge? üõç https://t.co/H3UjuZqd3I https://t.co/4DxREaZtZh,BBC
401,0.3612,Fri Jan 12 15:00:02 +0000 2018,0.0,0.884,0.116,"The Queen reveals what it's actually like to take a ride in the Gold State Coach. üëë 

#TheCoronation is on @BBCOne‚Ä¶ https://t.co/16H4OnOSCh",BBC
402,-0.128,Fri Jan 12 14:03:03 +0000 2018,0.173,0.681,0.147,How Grace Kelly went from being the family failure to Hollywood royalty. ‚ú®üé¨ üëë https://t.co/iIXtfmNCew https://t.co/sURkXsNWcl,BBC
403,0.481,Fri Jan 12 13:39:17 +0000 2018,0.0,0.852,0.148,"RT @BBCBargainHunt: Oh look, a ring. Oh look, it's got your name on it‚Ä¶ 
SURPRISE PROPOSAL! üíç‚ù§Ô∏è

#bbcbargainhunt #bargainhunt https://t.co/‚Ä¶",BBC
404,0.4391,Fri Jan 12 13:30:04 +0000 2018,0.0,0.804,0.196,"'Second chances are really important to me'. 

üé∂ @JohnLegend explains what Bob Marley‚Äôs Redemption Song means to hi‚Ä¶ https://t.co/NnbZVnWXqK",BBC
405,0.6486,Fri Jan 12 13:24:30 +0000 2018,0.0,0.782,0.218,RT @bbcmusic: #SoundOf2018 Winner @thisissigrid treated us to an exclusive performance in her hometown of √Ölesund in Norway earlier this mo‚Ä¶,BBC
406,0.0,Fri Jan 12 13:24:15 +0000 2018,0.0,1.0,0.0,RT @bbcworldservice: McDonald's is the only thing that would get this Nigerian TV presenter to come back to the UK. https://t.co/C7r81iT937,BBC
407,0.3612,Fri Jan 12 13:23:54 +0000 2018,0.0,0.898,0.102,"RT @BBCBreakfast: The Queen has given a rare interview to the @BBC, revealing what it was like at her Coronation 65 years ago. https://t.co‚Ä¶",BBC
408,0.2263,Fri Jan 12 13:23:47 +0000 2018,0.097,0.772,0.131,RT @TWBBC: Alice Lee was fighting sexism in science over a century ago. @Utafrith tells @ProfBrianCox why Alice is her inspiration for @roy‚Ä¶,BBC
409,0.3818,Fri Jan 12 13:23:40 +0000 2018,0.0,0.822,0.178,"RT @bbcmusic: üíô@DuaLipa unleashes visually stunning video for 'IDGAF' ‚ù§Ô∏è
Watch üëâ https://t.co/cCOdxNstUx https://t.co/n8XGs50w5b",BBC
410,0.0,Fri Jan 12 13:06:44 +0000 2018,0.0,1.0,0.0,RT @bbcworldservice: Why do astronauts get taller in space? https://t.co/uXtAGkYTkE,BBC
411,0.0,Fri Jan 12 13:04:04 +0000 2018,0.0,1.0,0.0,Move over Nessie! Here are 5 things you might not know about Scottish lochs. üëâ https://t.co/fq15NzWVNA https://t.co/7l6MFsl8WZ,BBC
412,0.4019,Fri Jan 12 12:44:54 +0000 2018,0.0,0.899,0.101,"RT @bbcpress: üëë HM The Queen and HRH The Prince of Wales help bring the @RoyalFamily art collection to life, in a major new season across T‚Ä¶",BBC
413,-0.1531,Fri Jan 12 12:30:02 +0000 2018,0.091,0.909,0.0,"üê± The rusty spotted cat might be 200 x lighter than a lion, but it's still a ferocious predator. üêæ 

#BigCats https://t.co/PgIC5WfdaJ",BBC
414,-0.7184,Fri Jan 12 12:01:03 +0000 2018,0.538,0.462,0.0,6 controversial gigs that broke cultural boycotts. üé§‚úä https://t.co/8pk8uSAqjy https://t.co/K3MJOeEbOa,BBC
415,0.4215,Fri Jan 12 10:49:42 +0000 2018,0.108,0.682,0.21,"üëëüé∂ The moment @ThisIsSigrid found out she'd won @BBCMusic's #SoundOf2018. 

There were tears. üò≠ https://t.co/3Rc2K6dwMS",BBC
416,0.5719,Fri Jan 12 10:46:24 +0000 2018,0.0,0.684,0.316,"RT @bbcmusic: ‚ö°Ô∏è ‚ÄúSigrid wins the #SoundOf2018 üèÜ‚Äù

https://t.co/L5njgZ2gfz",BBC
417,0.9042,Fri Jan 12 10:46:11 +0000 2018,0.0,0.534,0.466,"RT @bbcmusic: üèÜ #SoundOf2018 Winner Alert üèÜ 

Huge congratulations to the phenomenal @thisissigrid, the artist our 173 pundits worldwide ha‚Ä¶",BBC
418,0.3182,Fri Jan 12 09:03:03 +0000 2018,0.12,0.674,0.206,"Is the miserable British weather making you want to move abroad? 

‚úàÔ∏è‚òÄÔ∏èüéíTake this quiz to see which country best su‚Ä¶ https://t.co/7R43a6YAfd",BBC
419,0.0,Fri Jan 12 08:42:02 +0000 2018,0.0,1.0,0.0,üêé This Arabian horse &amp; his Palestinian breeder are competing in a show bringing Israelis &amp; Palestinians together. https://t.co/NeGZijFDYP,BBC
420,0.4588,Sun Jan 14 14:37:37 +0000 2018,0.094,0.726,0.179,"Haitian-American GOP Rep. Mia Love on President Trump‚Äôs immigration comments: ""At this point we can't look to Washi‚Ä¶ https://t.co/jNo7JeVHSm",CNN
421,0.5267,Sun Jan 14 14:34:34 +0000 2018,0.082,0.709,0.209,GOP Rep. Mia Love on President Trump: ‚ÄúI still think that he should apologize. I think that there are people that a‚Ä¶ https://t.co/gycLJk6R57,CNN
422,-0.8735,Sun Jan 14 14:11:05 +0000 2018,0.369,0.631,0.0,"Rep. Tulsi Gabbard: ‚ÄúThe fact that these processes failed so epically that caused this trauma, caused this terror a‚Ä¶ https://t.co/ecg2MDHKTe",CNN
423,-0.4019,Sun Jan 14 14:10:35 +0000 2018,0.171,0.829,0.0,Hawaii Rep. Tulsi Gabbard on the false missile warning: ‚ÄúThis was unacceptable that this happened but it really hig‚Ä¶ https://t.co/qrmIaloSqR,CNN
424,0.2732,Sun Jan 14 14:00:28 +0000 2018,0.0,0.884,0.116,"The Trump administration has eliminated or replaced references to climate change, renewable energy and similar topi‚Ä¶ https://t.co/7yDrbsWzEW",CNN
425,0.0,Sun Jan 14 13:01:50 +0000 2018,0.0,1.0,0.0,"In a 1999 interview with Larry King, Donald Trump said that his first choice for a running mate would be Oprah Winf‚Ä¶ https://t.co/17GVsjc7Q2",CNN
426,-0.7269,Sun Jan 14 12:02:26 +0000 2018,0.217,0.783,0.0,"Dr. Allen Frances on Donald Trump: ""It's an insult to the mentally ill to say that the reason he shouldn't be in of‚Ä¶ https://t.co/Hca2Huxxif",CNN
427,0.0,Sun Jan 14 11:01:03 +0000 2018,0.0,1.0,0.0,'The Boondocks' predicted an Oprah 2020 win... 12 years ago https://t.co/EZJ4VF6s3A https://t.co/tgkKE9hWAj,CNN
428,-0.1695,Sun Jan 14 10:01:01 +0000 2018,0.074,0.926,0.0,The US will not be prepared to defend against possible Russian meddling in the 2018 midterm elections or the 2020 p‚Ä¶ https://t.co/j3xp6w0g9T,CNN
429,-0.4588,Sun Jan 14 08:03:10 +0000 2018,0.2,0.8,0.0,This teacher stood up at a school board meeting to criticize a superintendent's pay raise. Then she was handcuffed.‚Ä¶ https://t.co/HGyOReTPo0,CNN
430,0.0,Sun Jan 14 07:01:26 +0000 2018,0.0,1.0,0.0,A Republican Kansas lawmaker stepped down from a leadership position after he said African-Americans were more susc‚Ä¶ https://t.co/N7MCynXktT,CNN
431,0.6486,Sun Jan 14 06:00:16 +0000 2018,0.0,0.762,0.238,"With a net worth of more than $105 billion, Jeff Bezos is now the richest person in history https://t.co/LvbIp13wU5 https://t.co/7JnaQdO7Fv",CNN
432,-0.5106,Sun Jan 14 05:00:08 +0000 2018,0.148,0.852,0.0,"""This f------ idiot is the president. It's The Emperor's New Clothes -- the guy is a f------ fool... our baby-in-ch‚Ä¶ https://t.co/y4rvw4Fsbf",CNN
433,0.0,Sun Jan 14 04:59:57 +0000 2018,0.0,1.0,0.0,"The Trump administration, citing a federal court order, resumes receiving renewal applications for individuals elig‚Ä¶ https://t.co/gZsdF9mqHS",CNN
434,0.0,Sun Jan 14 04:29:54 +0000 2018,0.0,1.0,0.0,"Thailand‚Äôs prime minister sets up a cardboard cutout of himself at a press event, tells reporters to direct their q‚Ä¶ https://t.co/w8xw8YO3AX",CNN
435,0.3612,Sun Jan 14 03:27:05 +0000 2018,0.0,0.865,0.135,"H&amp;M apologizes for using a black child to model a sweatshirt with a ""coolest monkey in the jungle"" slogan‚Ä¶ https://t.co/Mgz1ouN9D5",CNN
436,-0.128,Sun Jan 14 03:10:21 +0000 2018,0.136,0.751,0.113,A series of attacks on Catholic churches have prompted Chilean authorities to review security ahead of Pope Francis‚Ä¶ https://t.co/DE9nlxPZMG,CNN
437,0.2023,Sun Jan 14 02:25:05 +0000 2018,0.0,0.899,0.101,Pope Francis once again tells breastfeeding moms it's fine to feed hungry babies in church https://t.co/LpzwqMHzZO https://t.co/fbBpVcqrOd,CNN
438,0.0,Sun Jan 14 01:29:04 +0000 2018,0.0,1.0,0.0,The closure of a coal mine near the Pennsylvania-West Virginia border will wipe out many of President Trump's coal‚Ä¶ https://t.co/JekK5EMLEF,CNN
439,0.0,Sun Jan 14 00:31:43 +0000 2018,0.0,1.0,0.0,"Thailand‚Äôs prime minister sets up a cardboard cutout of himself at a press event, tells reporters to direct their q‚Ä¶ https://t.co/Cn5cyOzRAx",CNN
440,-0.5095,Sun Jan 14 10:03:05 +0000 2018,0.215,0.785,0.0,"Paul Ryan calls President Trump's ""sh*thole"" comment ""very unfortunate"" and ""unhelpful"" https://t.co/CoKy77Mmku https://t.co/V8Zl9Ix6nk",CBSNews
441,0.0,Sun Jan 14 09:48:05 +0000 2018,0.0,1.0,0.0,"Records: FBI knew Las Vegas gunman had stashes of big guns, ammunition, explosives https://t.co/91VlEx8Hdy https://t.co/sVdhkIVlLj",CBSNews
442,-0.4019,Sun Jan 14 09:33:04 +0000 2018,0.231,0.769,0.0,President Trump's Norway immigration idea? There's one problem https://t.co/xRbPE8XReD https://t.co/Gs1RZDHkVZ,CBSNews
443,-0.9371,Sun Jan 14 09:18:08 +0000 2018,0.545,0.455,0.0,Coach sentenced to death for rape and murder of girl he kidnapped on street https://t.co/QP39VZnrE7 https://t.co/1lJj9XEcbr,CBSNews
444,0.0,Sun Jan 14 09:03:04 +0000 2018,0.0,1.0,0.0,"Pres. Trump's personal lawyer arranged hush money payment to porn star, according to Wall Street Journal report‚Ä¶ https://t.co/4jyWmz83G6",CBSNews
445,-0.3612,Sun Jan 14 08:48:05 +0000 2018,0.143,0.857,0.0,White House struggles with muting function for 22 minutes on Iran conference call with reporters‚Ä¶ https://t.co/cOJhAmZduu,CBSNews
446,0.0,Sun Jan 14 08:33:04 +0000 2018,0.0,1.0,0.0,Station cargo ship brings science down to Earth https://t.co/xhoGoiHAtw https://t.co/Wsk8492Lqt,CBSNews
447,0.5719,Sun Jan 14 08:18:09 +0000 2018,0.0,0.802,0.198,"Doctor declares President Trump to be in ""excellent health"" after physical, White House says https://t.co/I00OihpD2A https://t.co/kOrSf20Rwe",CBSNews
448,0.0,Sun Jan 14 08:03:04 +0000 2018,0.0,1.0,0.0,President Trump signs executive order addressing veteran suicides https://t.co/5NjSR2D07d https://t.co/KOMZlCigoC,CBSNews
449,0.5994,Sun Jan 14 07:48:05 +0000 2018,0.0,0.794,0.206,Cindy Crawford recreates classic Pepsi ad with son Presley Gerber for Super Bowl 52 https://t.co/o9nGDHSpQJ https://t.co/eByiB1rVeC,CBSNews
450,0.0,Sun Jan 14 07:33:05 +0000 2018,0.0,1.0,0.0,Czech President Milos Zeman to face runoff election https://t.co/nNFPWliRTH https://t.co/8cdAbUbrjQ,CBSNews
451,0.0,Sun Jan 14 07:18:08 +0000 2018,0.0,1.0,0.0,Chelsea Manning files to run for Senate in Maryland https://t.co/SD26zSBIJU https://t.co/Gygzfqhh8Z,CBSNews
452,-0.6486,Sun Jan 14 07:03:06 +0000 2018,0.249,0.751,0.0,Body cam video shows inside Arizona cabin where family was found dead https://t.co/VuEgUf9gM5 https://t.co/Ea6BsiNMVY,CBSNews
453,-0.5574,Sun Jan 14 06:48:05 +0000 2018,0.247,0.753,0.0,"Keith Jackson, legendary college football announcer, has died at 89 https://t.co/fFrVljYKex https://t.co/u7znCBB8Dx",CBSNews
454,0.0,Sun Jan 14 06:33:06 +0000 2018,0.0,1.0,0.0,Questions about President Trump overtake Republican Sen. Chuck Grassley's event in Iowa https://t.co/4R6LGeob5n https://t.co/Nkgg4Opvav,CBSNews
455,0.0,Sun Jan 14 06:18:09 +0000 2018,0.0,1.0,0.0,Students who took couple's honeymoon story to heart take action https://t.co/4jgWsI9cVr https://t.co/XYZPvTEuQT,CBSNews
456,0.0,Sun Jan 14 06:03:04 +0000 2018,0.0,1.0,0.0,"Meet the women who made Pentagon Papers drama ""The Post"" possible https://t.co/aH8lTBB5ee https://t.co/W8gegiNACs",CBSNews
457,-0.3182,Sun Jan 14 05:48:05 +0000 2018,0.201,0.67,0.128,"Doreen Tracey, one of the original Disney Mouseketeers, has died at 74 https://t.co/ub7YLtq9AN https://t.co/2UuYcciuIA",CBSNews
458,-0.4019,Sun Jan 14 05:33:05 +0000 2018,0.283,0.576,0.141,"Police plead for help finding missing infant twins as ""uncooperative"" parents jailed https://t.co/Zszt0lXR9U https://t.co/eTaiP7UCdA",CBSNews
459,0.3818,Sun Jan 14 05:24:07 +0000 2018,0.0,0.822,0.178,Federal government says it will accept DACA applications after court order https://t.co/mYmMQ4WsKe https://t.co/DuiLZab2zc,CBSNews
460,0.0,Sun Jan 14 22:34:14 +0000 2018,0.0,1.0,0.0,RT @EricShawnTV: I anchor @FoxNews at 6pm ET and again tomorrow morning on @AmericaNewsroom. Today #Hawaii Rep. @TulsiGabbard said that @PO‚Ä¶,FoxNews
461,-0.4767,Sun Jan 14 22:32:33 +0000 2018,0.22,0.78,0.0,UK politician's model girlfriend suspended after reported 'vile' Meghan Markle remarks https://t.co/RRTWldTttq,FoxNews
462,0.2023,Sun Jan 14 22:28:21 +0000 2018,0.0,0.847,0.153,Taylor Swift told to beware gun-seeking 'boyfriend' by police officers https://t.co/2XEgKsRb3X,FoxNews
463,0.0,Sun Jan 14 22:28:15 +0000 2018,0.0,1.0,0.0,Dow milestones since election. https://t.co/xei3jV9rQD,FoxNews
464,0.4939,Sun Jan 14 22:24:40 +0000 2018,0.0,0.802,0.198,"On @foxandfriends, @Varneyco praised President @realDonaldTrump's economic record in comparison to his predecessor'‚Ä¶ https://t.co/MIaIBTGk68",FoxNews
465,0.6124,Sun Jan 14 22:23:38 +0000 2018,0.0,0.778,0.222,".@GaryKaltbaum: ""This whole tax thing has been not just a home run, but a grand slam."" https://t.co/qDi6Jad4Zt",FoxNews
466,0.4973,Sun Jan 14 22:21:04 +0000 2018,0.0,0.848,0.152,".@DiamondandSilk: ""@realDonaldTrump is not a racist. He's a realist. And the only color he sees is green and he wan‚Ä¶ https://t.co/TiHQBgVQ6G",FoxNews
467,-0.1053,Sun Jan 14 22:15:40 +0000 2018,0.198,0.659,0.143,".@PeteHegseth: ""The Left loves to point at Americans who they don't like and say they're unacceptable. But when [‚Ä¶ https://t.co/AMd9vq2mDx",FoxNews
468,0.0,Sun Jan 14 22:15:01 +0000 2018,0.0,1.0,0.0,.@dBongino: ‚ÄúI and many other people I‚Äôm communicating with on this collusion nonsense‚Ä¶ really believe that this wa‚Ä¶ https://t.co/orW0zrnlD4,FoxNews
469,-0.5994,Sun Jan 14 22:14:25 +0000 2018,0.495,0.505,0.0,"Dennis Rodman arrested, charged with DUI https://t.co/RNZFTxWBWF",FoxNews
470,0.0,Sun Jan 14 22:14:00 +0000 2018,0.0,1.0,0.0,"""You can either send money to Washington or you can give it to your employees. The employees earned the money. Wash‚Ä¶ https://t.co/yjRzT6ZYvA",FoxNews
471,0.0,Sun Jan 14 22:12:39 +0000 2018,0.0,1.0,0.0,"Chelsea Manning confirms Senate bid, says 'Yup, we're running' https://t.co/xWWIIbaMSp https://t.co/hZMkPwwurB",FoxNews
472,0.0,Sun Jan 14 22:12:14 +0000 2018,0.0,1.0,0.0,"Drugged driver crashes car into second story of California building, officials say https://t.co/QcizFnTptn",FoxNews
473,-0.4215,Sun Jan 14 22:05:06 +0000 2018,0.237,0.763,0.0,.@BillClinton Denies Foundation Paid for Chelsea Clinton's Wedding https://t.co/gcLBTXmtvh https://t.co/j38S8Xt8dZ,FoxNews
474,0.0,Sun Jan 14 22:04:08 +0000 2018,0.0,1.0,0.0,"Ambassador James Jeffrey: ""We are not well-prepared for any emergency."" https://t.co/NuTPgSKXA5 https://t.co/KUsXYNJIOd",FoxNews
475,-0.8625,Sun Jan 14 21:59:04 +0000 2018,0.49,0.51,0.0,Hawaii's false missile threat: Worker 'feels terrible' after pushing the wrong button https://t.co/le9KohbiTw,FoxNews
476,-0.34,Sun Jan 14 21:56:32 +0000 2018,0.211,0.789,0.0,Hawaii false alarm prompts plans for FCC investigation https://t.co/NuTPgSKXA5 https://t.co/XFlCQykalI,FoxNews
477,-0.6908,Sun Jan 14 21:56:04 +0000 2018,0.251,0.749,0.0,".@AlvedaCKing: ""People were saying that President Trump has called Haiti and Africa a bad word. No, he was referrin‚Ä¶ https://t.co/JV76scGt5j",FoxNews
478,-0.1779,Sun Jan 14 21:54:36 +0000 2018,0.169,0.693,0.139,"Porn star Olivia Nova‚Äôs friend says she ‚Äòwanted to change her lifestyle' before her death, report says https://t.co/8T8hEHYkFX",FoxNews
479,0.0,Sun Jan 14 21:50:03 +0000 2018,0.0,1.0,0.0,".@SecNielsen: ""I don't recall [President #Trump] saying that exact phrase."" https://t.co/7ACgdZGkmc https://t.co/X1GW8HLeiE",FoxNews
480,0.4588,Sun Jan 14 15:00:18 +0000 2018,0.133,0.6,0.267,"""I 100% support the fight for fair pay and I'm donating the $1.5M to the Time's Up Legal Defense Fund in Michelle W‚Ä¶ https://t.co/uHWv6Hkrdt",nytimes
481,0.4215,Sun Jan 14 14:46:02 +0000 2018,0.0,0.798,0.202,"A new 3-D videomicroscope gives surgeons ""Superman eyes"" and helps them perform and teach delicate brain operations https://t.co/L8mfsQ1cO9",nytimes
482,0.0,Sun Jan 14 14:33:01 +0000 2018,0.0,1.0,0.0,"Opinion: ""Hillary Clinton, the first woman who had a real shot at the presidency, has finally set off a national aw‚Ä¶ https://t.co/m0rzwUxudL",nytimes
483,-0.7506,Sun Jan 14 14:15:02 +0000 2018,0.299,0.701,0.0,"""This system failed miserably and we need to start over,"" Senator Brian Schatz of Hawaii said https://t.co/xob5P1wRjW",nytimes
484,0.0,Sun Jan 14 14:00:13 +0000 2018,0.0,1.0,0.0,"An Iranian oil tanker that collided with another vessel in the East China Sea sank on Sunday, the Chinese Ministry‚Ä¶ https://t.co/bJpAUGa73F",nytimes
485,0.0,Sun Jan 14 13:49:03 +0000 2018,0.0,1.0,0.0,"RT @nytimesworld: In 2016, this is how @Pontifex explained his prolonged absence from his homeland: ‚ÄúThe world is bigger than Argentina.‚Äù h‚Ä¶",nytimes
486,0.0,Sun Jan 14 13:36:04 +0000 2018,0.0,1.0,0.0,"""You can't look down to read the speech, you have to take the speech up. Because if you did your neck would break.""‚Ä¶ https://t.co/O4GoxcSM7I",nytimes
487,-0.1027,Sun Jan 14 13:15:07 +0000 2018,0.167,0.641,0.192,"Opinion: Martin Luther King Jr.‚Äôs assassination, on April 4, 1968, played a direct role in Franklin‚Äôs creation. And‚Ä¶ https://t.co/4clKD7Kg2c",nytimes
488,0.0,Sun Jan 14 13:09:09 +0000 2018,0.0,1.0,0.0,Op-Ed Columnist: Is There Life After Liberalism? https://t.co/hJDH8Ansf8,nytimes
489,-0.7351,Sun Jan 14 13:00:22 +0000 2018,0.267,0.733,0.0,He was badly wounded during last summer‚Äôs attack on the Republican congressional baseball team. Nearly every hour b‚Ä¶ https://t.co/Ksv6E3SmWg,nytimes
490,0.2263,Sun Jan 14 12:45:04 +0000 2018,0.117,0.769,0.113,"The first time cutting season came around, Nice Leng‚Äôete and her sister ran away and hid in a tree. The second time‚Ä¶ https://t.co/oplchBjO54",nytimes
491,0.1027,Sun Jan 14 12:30:06 +0000 2018,0.094,0.792,0.114,She even stopped using her full name ‚Äî Ronna Romney McDaniel ‚Äî professionally after President Trump joked with her‚Ä¶ https://t.co/i6z4geQCau,nytimes
492,0.0,Sun Jan 14 12:15:03 +0000 2018,0.0,1.0,0.0,"The Trump administration is set to shrink Bears Ears by 85% next month, potentially opening more than a million acr‚Ä¶ https://t.co/DcGoDxSCIi",nytimes
493,-0.4939,Sun Jan 14 12:00:10 +0000 2018,0.176,0.824,0.0,"In 2017, extreme weather events caused a total of $306 billion in damage in the U.S. https://t.co/dkn2lk4gE4",nytimes
494,0.0,Sun Jan 14 11:30:16 +0000 2018,0.0,1.0,0.0,For decades the E train in NYC has been one of the lines most used by homeless people to sleep because it stays und‚Ä¶ https://t.co/27xDD6sCiU,nytimes
495,0.0,Sun Jan 14 11:19:31 +0000 2018,0.0,1.0,0.0,"Vows: He Works With Divas, but Didn‚Äôt Marry One https://t.co/sDt832Oiqn",nytimes
496,0.0,Sun Jan 14 11:16:13 +0000 2018,0.0,1.0,0.0,"A Greener, More Healthful Place to Work https://t.co/PgYRp1FOij",nytimes
497,0.0,Sun Jan 14 11:15:07 +0000 2018,0.0,1.0,0.0,"A gym chain is banning CNN, Fox News and MSNBC from its TVs. They say it's for your health. https://t.co/hVO96GgonB",nytimes
498,0.0,Sun Jan 14 10:51:47 +0000 2018,0.0,1.0,0.0,"He's being called ""frost boy."" But the image of an 8-year-old with icicles in his hair who trekked miles to school‚Ä¶ https://t.co/YlwbptD3DI",nytimes
499,-0.1027,Sun Jan 14 10:31:58 +0000 2018,0.122,0.778,0.1,RT @nytimesbooks: 11 new books recommended by critics and editors at The New York Times https://t.co/5iUuUDcio6,nytimes
